0,1,2,3,4,y
-0.7121061043689848,-0.25465587197517625,0.06974464456904189,0.27756330177022154,0.022710258402280557,0
1.0089171023334138,0.39658525157664576,0.15703396778678358,-0.0797738899611689,-0.1958862437072856,1
0.27849312786062264,-0.7831145485657798,-0.22703197130619987,-0.3807651004112668,-0.2731473233612656,1
0.817774482377551,0.15746878895869768,-0.6145123495450432,-0.029098587064577117,-0.09933553611658538,1
-0.7805379995286004,-0.014037306352175606,-0.04883034727080491,-0.24411094296702635,0.05259569750347896,0
-0.031901507814048095,0.028766438602104004,0.611260157866619,-0.2814826795904907,0.45671494590627404,0
0.15339091529877733,0.8254823526962335,-0.5007265254092679,-0.13811102040696988,0.12145342444468338,0
-0.16185435437098838,-0.36883068898998417,0.1467769349583873,0.8074710183586391,0.20246595000467324,0
0.42524009630792026,-0.7015424696807948,-0.17917626572279013,0.04145072640733003,0.12106025449730616,1
0.7713234525704616,-0.19408263354686853,0.5521486422523644,0.022798357341400434,-0.40480321230705707,1
0.5465673169711295,-0.5014686517018772,-0.17745218616736091,0.4147342822252527,-0.19109288466713636,1
0.6652257043901024,0.3029408397259213,-0.6014800780628452,-0.42874051967884685,0.01928495295832365,1
-0.7567635940225089,-0.22553247927816292,0.07799696141295527,0.1279917148533511,-0.22426344740577855,0
0.12119803073191783,-0.10367351381831487,-0.005750174215202198,0.43995726665229123,0.5529756134337815,0
0.2533573242283324,-0.8304076640645921,-0.12976072006611156,-0.13191952450097252,-0.40495041157918477,0
0.4249449005695307,-0.15969215011065338,-0.47465448234013374,-0.7090395481753223,0.08640510017592369,1
0.1691598542544026,-0.20067327626379922,0.5402855425468766,0.43500095639894476,0.559009481004041,0
-0.6740399617891998,0.25131771355728316,-0.2555469547428687,-0.032103707562501825,-0.15472804701432868,1
0.3641062976252976,-0.7667812098094554,-0.26763162653185596,-0.3123956133047525,-0.0223609890505107,0
0.6216395502985116,-0.23572540469720463,0.6138754442852868,-0.3685319211926285,-0.3350059120882556,1
-0.623001501927589,0.3677444167903667,-0.31681568726673304,-0.149463870327901,-0.0256424373699018,0
-0.10508804452061309,0.6131991721990122,-0.390131005664294,0.06453399215415627,-0.10397577721456458,1
0.44954587854888844,-0.4387430526860873,0.4641160760651295,-0.29937796631049574,0.18857466297407088,1
0.09675690517642378,0.7072098706212077,-0.45192124778486914,0.24320883613727642,-0.2077786491959084,1
0.42133121896886594,-0.7593441387007234,-0.05455110109713348,0.45828414737117007,0.13194821986924885,0
0.4614661411296036,-0.37187992075355264,-0.10419990380728153,0.2861509757809359,0.45565869426970507,1
0.0028379848561958443,0.26580198651609854,0.8898164169767394,-0.1222979562235031,-0.23248924563387352,0
0.4495520207969464,0.33054948482495944,-0.21116049348963212,0.7071009441927483,0.2926239721791987,0
0.4695497772288841,-0.35748752146870577,0.42283527893326484,-0.4731619783149743,0.318907492384346,1
-0.8115399266760782,-0.09635034731242219,-0.004086404434197098,-0.11413472855562652,-0.05219259287051104,0
0.2760708894984537,0.6898679704360793,0.5150994606005892,-0.14475467850989365,-0.1829363562145881,0
0.9936063402273131,0.36740880403892845,0.14966032797352108,0.0829420015735677,-0.2117050597371963,1
0.46938620508222184,-0.3575719243363791,0.42285413425650514,-0.473254847835632,0.31884013889807983,1
-0.2396583674086371,0.4541088772627333,-0.29425925197258024,-0.5416335743194847,0.34653856548465817,0
0.3772195895085744,0.6123639328571174,0.5445172823146658,0.19769019910424493,-0.1602264774965325,0
-0.10965602890274155,0.5812824838081023,-0.43071009296966006,0.026469374238434137,0.2213323720517774,0
0.0028437190951717726,0.2658080111241776,0.889818093473022,-0.12229288518564432,-0.2324882479313549,1
-0.76786166021069,-0.21453721351830357,0.07027461819668758,0.1051910695777407,-0.20920214111443702,0
0.36553666622472064,-0.804607329312787,-0.1408297949429688,0.09106299471330859,-0.03271013652318752,0
0.6275808428990755,-0.36573320203039367,0.6562169152685026,-0.03687936628321736,-0.35666388304002133,1
0.3471127736030432,-0.6334440785514667,-0.3022313615772759,-0.47486714968794036,0.10482300615289036,0
0.5406447590683114,-0.5962899014924519,-0.4332300221036589,-0.17935250620632487,-0.15862754022987352,0
0.0037558580850045598,0.2667626534310856,0.8900766532961603,-0.12148617221816109,-0.2323273634093493,0
0.7800212830859108,-0.28677643132597425,0.4924794178558426,0.39991657047373985,-0.18659559244893062,1
0.45661905181076967,-0.42003171421537555,0.455821084336429,-0.34798576891704414,0.22434565630979442,1
-0.8115684226574126,-0.09609594689133462,-0.004229794881102069,-0.11384300141743647,-0.052097566386825944,0
0.009949512511606636,0.01116961543032815,0.6146284756588419,-0.1793052040330387,0.5674498851291557,0
0.46938620508222184,-0.3575719243363791,0.42285413425650514,-0.473254847835632,0.31884013889807983,1
0.11571953916766976,0.2085499651021417,0.83732617199191,0.13579055555310773,0.04527280166721714,0
0.3355128273229444,-0.8616355987461657,-0.16611559362305486,-0.0504454358761039,-0.2046235258065822,0
-0.06720785289275572,-0.29784411528765325,0.1109302688653489,0.7771904059468887,0.3418927830287326,0
-0.7678826151214161,-0.21485538141041685,0.07044495821667938,0.10460330760576646,-0.20925177787698304,0
0.9789015408150968,0.4522558532156972,0.10870873091517316,-0.1875869256954335,-0.09112140527614836,1
0.5564848543001047,-0.5677590575069553,-0.45420717644777014,-0.2134211340619045,-0.12428301012265047,1
0.5063190441889398,0.8508941659902698,0.18549585970795016,-0.12178422685635505,0.14910531297137256,0
0.09852970697928254,0.7249911666922948,-0.4622374142176927,0.2147494371593009,-0.1859634125925041,1
0.43654166644686193,-0.6116424173873297,-0.36783198720937127,-0.22728381612251317,-0.42115326604592135,1
0.001733181103997646,0.25476909802275527,0.8957277632903433,-0.10383808043771216,-0.24652011527423628,0
0.5429512203622351,-0.6373176095174087,-0.17030319850209058,0.5034956975511566,-0.036969238671119294,1
0.0656047714823983,-0.2572406205450069,0.08352742364108513,0.7805547989871461,0.4950112458484583,0
-0.0018692133140496446,0.19254642262292776,0.9145568415894355,-0.0036795374530837295,-0.3170919867557929,0
0.91314999955705,0.32078849534763987,-0.18989405866286316,-0.19909149646701313,-0.12770765997842984,1
0.23360929267167282,0.7986416650790129,-0.49681427955655244,0.14627493153360133,0.17034600189049623,0
-0.056991519498376865,-0.35204137029792276,0.12543331111490474,0.855915283685861,0.3331737403103403,0
0.2698715355836668,0.6207897904838268,0.5784022056278253,-0.0023372781634820048,-0.30203878340106344,0
0.14258198346550782,0.19208903152077939,0.8813876957853266,0.18473484545026622,0.0652693747257043,1
0.6520478022074174,-0.10497946198471172,-0.5106408238911239,-0.1794157447712475,-0.30524415036324887,1
-0.7448106679363444,-0.2357786580997308,0.08538346914846359,0.15027866452966945,-0.2385607270428336,0
0.45436626781431877,-0.6297120099411325,-0.06368728189233384,0.4780969269978242,0.38607130974239273,1
-0.5228086529447081,-0.20645483373392298,0.041178338119146216,0.33044850693315325,0.27832867064408884,0
-0.6663877102812756,0.28151157677401245,-0.27175392044977187,-0.10241807646950796,-0.10485208306292355,0
0.47769926088735976,-0.5418450185434174,-0.056246233922007456,0.5341906043281033,0.42715045067805485,0
-0.4240431194100438,0.20683792990931638,-0.1886107123689555,0.3205151641906818,-0.2425775299094062,0
0.053757083543061024,0.21052038683588792,0.9135948238820606,0.06749459843930822,-0.13768389355472946,0
-0.6794484147355784,0.03525027815674617,-0.0633185040976299,-0.06223145186815403,0.03545583727975668,1
-0.25992074721607356,0.24865411378331295,-0.1502179284877268,0.16616236335335613,-0.16492145085511276,0
-0.8115399266760782,-0.09635034731242219,-0.004086404434197098,-0.11413472855562652,-0.05219259287051104,0
-0.8115684226574126,-0.09609594689133462,-0.004229794881102069,-0.11384300141743647,-0.052097566386825944,0
-0.10516382857462722,-0.1836458477040618,0.023379595554476273,0.7484554817047521,-0.0734854084724468,1
0.2940199912179348,-0.7403812342392,-0.26021374171972383,-0.45680377956147766,-0.21389770740614208,1
-0.7779176352824558,-0.20166624193564126,0.06162477661272519,0.08388179465721589,-0.19317142902070286,0
-0.8124639972659258,-0.10437758659087107,0.0006138184792952267,-0.09293273947408001,-0.065061905846663,1
0.46943369062269974,-0.35754744170408564,0.42284867593995773,-0.47322791218068994,0.3188596975279376,1
-0.2228283074012689,0.4870821943689281,-0.3717521522758956,0.14458118161926184,-0.18250636542964027,0
0.42048137989226886,-0.6311400252030248,-0.32560842340544044,-0.1414105712263854,-0.4610223662550671,1
0.39236505648211384,-0.6029344684751102,-0.18826902453646602,-0.02207753018688895,0.27197315722580023,1
-0.05122577998952024,-0.2615834792165898,0.0675173486252794,0.6861571810103576,0.3710752027076537,0
-0.8115684226574126,-0.09609594689133462,-0.004229794881102069,-0.11384300141743647,-0.052097566386825944,0
0.7734081752187719,0.07996577954771637,-0.3142391322063411,0.5150717034709292,0.2362832723738545,1
-0.7948808127555137,-0.17793108747969494,0.045701408375459884,0.0327609404831459,-0.15973152756656064,0
-0.8123174466808867,-0.10675211869003212,0.0019375500466778386,-0.09577682424330097,-0.06591524998128932,0
-0.7567916811322358,-0.2257747333826078,0.07812511336513232,0.12752726980132786,-0.22429634062498227,0
0.2028285289455499,0.8022952179648947,-0.505591641085032,0.10432305239883631,0.1742466548090566,0
-0.25267501218251065,-0.23718718918635706,0.02762247467575758,0.5668333110617905,0.4603875654521314,0
-0.42905292188479305,0.23137918429261325,-0.15264086191540388,-0.5455080967721904,0.34897390430535047,0
-0.8115684226574126,-0.09609594689133462,-0.004229794881102069,-0.11384300141743647,-0.052097566386825944,0
0.4164543080883643,0.862502517140489,0.168157427390663,-0.30781918883887055,0.08009052456369395,0
0.5475173497376321,0.7195199600388399,0.3912171189629598,0.3632443621225755,-0.2219308692720558,1
0.5895869306482626,-0.5111796045887333,-0.4696009681842105,-0.24026538128370042,-0.012146481712761554,1
-0.5555018395745862,0.29844685347599426,-0.3050778269571982,0.10762832023394876,0.20570562259320485,0
0.281554847453805,-0.7641999578179081,-0.2416877942813301,-0.42185518886025253,-0.2448184337692162,0
-0.8115399266760782,-0.09635034731242219,-0.004086404434197098,-0.11413472855562652,-0.05219259287051104,0
0.24295818628037893,0.5822193821558291,-0.3933660573911226,0.5641458791175389,-0.08887862475935084,0
-0.797310785751571,-0.04383045198425778,-0.03323182453934401,-0.19586772353293166,0.014031586216000733,0
-0.4936917536639749,-0.06668687467097725,-0.0363081509482568,0.09379897945857918,0.4475648942895953,0
-0.8119556066746205,-0.12201376160634694,0.010925418835996396,-0.07013744738079102,-0.08556451877395163,0
0.26847407574511967,-0.8160310097377292,-0.18707531518158577,-0.2754649114683796,-0.3366865813727315,1
-0.8115158678438337,-0.09654927492668744,-0.003974085058558047,-0.11436284085156105,-0.05226681935960495,1
-0.7461136678552148,0.030280279893943367,-0.07090451235469485,-0.3089742744399193,0.10816637658499802,0
0.5216651895756025,-0.3685234797689347,0.42278357565458424,-0.37103311439369363,0.42539529322309017,1
0.1463585994069504,0.8289571653983467,-0.5090369060371,-0.04504854245322452,0.04689856234233357,0
0.6346068309542099,-0.3606606970948456,0.6559011232644213,-0.04000158825417103,-0.3522951801320771,0
-0.7779986732122869,-0.20292834391601292,0.06230221219599477,0.08167177801698808,-0.1934073485131929,0
0.32483896411368335,-0.8598958022292031,-0.1763002964429856,-0.10196743635086358,-0.1832411078030261,0
0.6056045224843729,-0.31984689667526,0.6497324351447595,-0.1798196861452924,-0.44899215684088994,0
-0.767872844413484,-0.21469652710359985,0.07035983986724124,0.10489715839649927,-0.2092271533447438,0
0.032439226857798376,0.2548937117310248,0.35874758214257385,-0.6011625937834031,0.662389465237822,0
-0.5887759716362898,0.20400354184493663,-0.2550994221419643,0.24187458094172068,0.09066622739218383,0
0.5732941031686648,0.6153338876309641,0.22571141862669275,0.37929890178471404,-0.08083429514533935,0
0.44622844426993563,-0.6521795821107965,-0.013271114684103915,0.6125040595862852,0.2550418009672994,0
-0.21348716709888718,0.09443353241499074,-0.14151345102824808,0.6048188636227635,0.1663193792456515,0
-0.8115684226574126,-0.09609594689133462,-0.004229794881102069,-0.11384300141743647,-0.052097566386825944,0
0.2085356725457907,0.4948581722105859,0.7680070610092019,0.03435209058987197,-0.1109776117348716,0
0.6597548415866125,-0.06763188768791807,-0.531496111585377,-0.23323828567370936,-0.25960281002596747,1
0.26059967507292586,0.774233518818203,-0.4897475815757369,0.05172128544648048,0.26810888140413364,0
0.04522310588933237,0.07380142755126769,0.910250210494545,0.25771503712583155,-0.2771281823636807,1
-0.032660736057096455,0.028112609433921847,0.6112808650243167,-0.2821001985712394,0.45625095509905633,0
-0.7947892421849104,-0.17918848537319146,0.04639735589841017,0.03072570918835769,-0.16001241583668824,1
0.8788119715880177,-0.019662001242871832,0.42558295381687483,0.027897041209503565,-0.10148020442253708,1
-0.64055428556441,0.11826872532430424,-0.11049929961440064,-0.42697536829912225,0.2167043328628884,0
0.007501755252815875,0.29598769114598755,0.870022539580916,-0.17152827381917915,-0.19258265790117435,0
-0.7568720362499818,-0.22675787417078977,0.07864862431468915,0.1256204367376392,-0.22442124135838679,0
0.3500199368951533,-0.5076900244365198,-0.3219959625953755,-0.5526628252639953,0.1960416921066866,0
0.5564848543001047,-0.5677590575069553,-0.45420717644777014,-0.2134211340619045,-0.12428301012265047,1
-0.6638454597314304,0.1683232130472828,-0.2042679607563969,0.10013137027449044,-0.25125516429823247,0
0.1296142414940001,0.4101496534221938,0.8072377236317376,0.03651323028875303,-0.3689803041836722,0
0.7722425759582864,-0.06205796634738573,-0.4434702948423871,0.32841193443401584,-0.09620795328399152,1
0.183689253314135,0.7666970826676539,-0.49443625289414744,0.24699976809839952,0.06709704128815282,0
-0.7048091222787111,-0.26206714938862347,0.10544277998203928,0.21391773621336171,-0.2769011872437017,0
0.5004067208882375,0.7805359917921351,0.38068185500568985,0.22849318114627398,-0.33154914967982574,0
0.7049192272713543,-0.2760004569983064,0.5396432830250686,-0.03947826442105776,-0.03913119818554003,0
0.2707224218874777,-0.8110721569354157,-0.19533620494162235,-0.2965469502108439,-0.32491231447518243,1
0.34765484234743016,-0.8373034660369965,-0.2145068157802785,-0.17406723917841352,-0.12754805363020694,1
-0.03783028089722381,-0.04721023305149275,0.6423325772001431,-0.15177259783791436,0.35092059553185817,0
-0.5956421847059813,0.04635163734487018,-0.11872627163730515,0.2644248900602574,-0.3584289045145969,0
-0.3212257037935688,-0.023006031066276775,-0.14057975790649982,0.7785784693178421,0.16159645774326367,0
-0.8099730318573272,-0.13684972193140513,0.019852274639435986,-0.0443982698474723,-0.10485455511032996,1
0.4735790225705791,-0.7581447475465143,-0.06878664955769426,0.5058581919695037,0.16743802924729326,0
0.14099091177313064,0.42084959943143063,-0.3169518862072501,0.38285027690561546,0.2783532800928953,0
-0.5474950264095132,0.4035791738796896,-0.32229281931993764,-0.33071675187682054,0.10492517569055494,0
-0.4105068833866449,0.44383826263103093,-0.32041771971002264,-0.45205354609348536,0.23357285009227924,0
0.8108317461100718,0.05971424416170805,-0.5435641350667259,0.17331369221686288,-0.23181638145667163,1
-0.47586686088234564,0.2115634652123547,-0.1463410246614592,-0.5253877874779468,0.3255694337805244,0
-0.27686104854220944,-0.05107930357305197,-0.05807296386007459,0.14673757043142424,0.47678806290173725,0
-0.8114097260851391,-0.0973078914779842,-0.003544166459816337,-0.11523273116775984,-0.05254924291109751,0
0.38323815876335093,0.696829353248651,0.40713333288570763,-0.08606679902873973,0.0880355485704829,0
0.4511044055862285,-0.4344680424416603,0.46227965602189286,-0.31173775860178127,0.19737066805936174,1
-0.8109966565955032,-0.09147791245485569,-0.006874229032950779,-0.1215856822431388,-0.046126175169208646,0
-0.8116569561476038,-0.09508023706292006,-0.0047995105519045055,-0.1126782221227435,-0.05171704231259961,0
0.17347947085125595,-0.12607866842509158,0.028094513266713424,0.5945565735827173,0.6263094435324165,0
-0.5016403022011604,0.048767823485939006,-0.10958115877183275,-0.1396796313694257,0.42956312134550134,0
0.4682993164888418,-0.37736975521030675,-0.4947370421810056,-0.5880792307340519,-0.1277674153692824,1
-0.8064213476609987,-0.15116386457654987,0.028657248851162966,-0.018625405129703745,-0.12369451908956401,0
-0.7187709826292569,-0.25411964378182933,0.09915289153486782,0.19307905098653713,-0.2648795006813524,0
-0.05991205478412233,-0.3214852152650555,0.13018598010311386,0.8058438385234765,0.2742702722638832,0
-0.25663961793305984,-0.32629560406196106,0.11453244676116163,0.6299493234379913,0.06263524967541872,1
0.8444303250272173,0.09434922267456708,-0.5860227529981542,0.0980267414912981,-0.13374750660753185,1
0.47183720151405917,-0.38298321439901645,-0.15272173016429272,0.1656246703088725,0.4915586192528143,0
-0.26908724862851824,0.4779811197120133,-0.37359009417473976,0.0691174675528061,-0.17171229504201485,0
-0.6877456936254823,-0.02582496647882082,-0.02842319924885246,0.040382959417960995,-0.043620280224105114,0
0.13605739455681312,0.7960099699110376,-0.48062101846111266,-0.23621314531576865,0.17597007849368615,0
0.17039391428797301,-0.19258694507565063,0.5395788407698316,0.4217909463947383,0.5779988888205221,0
0.34794628235667935,-0.859632983965672,-0.03394793832701234,0.3647896538790428,-0.1924418506577149,1
-0.767872844413484,-0.21469652710359985,0.07035983986724124,0.10489715839649927,-0.2092271533447438,0
0.4403152038422331,0.8866535112592606,0.24650452720094115,-0.1942736503621373,-0.04356101865480713,0
-0.5145556085031598,-0.35500407668808265,0.09604509002043182,0.599106750544373,0.18638874216787044,0
-0.2028372453207872,-0.18579534101127504,0.014677872479848055,0.5460943137434271,0.5971497099869311,0
0.9073952537472749,0.44616203999724735,0.11944276772634424,-0.3349684362834335,-0.1982112457786526,0
-0.6734114989688275,0.2563956273653657,-0.2584487759897939,-0.040677256665758464,-0.1481103541601848,0
-0.7674281412059794,-0.01347108453026242,-0.048113644150423074,-0.2769607369416227,0.06418515168103812,0
0.4558112459815196,-0.34560675190652923,-0.05700554425753158,0.4579249377411956,0.5503720273277026,0
0.13602784883026914,0.47913967652030276,0.7820069873651642,-0.06986123099947493,-0.29286220832503873,0
0.002230682874024529,-0.30281267317683064,0.10016594080941126,0.8124879621875628,0.4443922256621868,0
0.1337555962679423,0.0932650151173758,-0.10979263707893937,0.900056126371189,-0.013866530728186648,1
0.38062281276437404,-0.7613175285286147,-0.049239729669539684,0.35072522539048734,-0.11718473968707702,1
0.12316284287826304,0.738371007827353,-0.4660991666217477,0.23479945050865703,-0.17611743376606562,0
0.5112400874631304,-0.37502460555113964,0.4249156023654946,-0.3786300772735021,0.42125151137186373,1
-0.2002495980123321,0.5991278713088566,-0.4259244049188526,-0.22536643796607053,0.07578249588590626,1
0.08527874802649252,0.04432389457623036,0.5561466824100701,-0.16069708737686292,0.7640651587545467,0
-0.7701857411264724,0.0008353287834230512,-0.05638160106676687,-0.26677990527308837,0.07148083470708748,0
0.46758776705105654,-0.49938814823576116,-0.46335910384929024,-0.4591409155783656,-0.26432233012165535,1
-0.6068579063968579,0.06507605479592005,-0.13213897695040489,0.24754858131892393,-0.34615221905286453,0
0.3180418862507221,-0.8632583137822237,-0.16627781868365707,-0.08517542008391304,-0.19612994360118394,1
0.07095040580485688,0.13357766877527408,-0.13336273223921546,0.8248274168357159,-0.13448639751054145,1
0.9268109418612394,0.4192362162980951,0.14557588290440904,-0.28030446501807066,-0.2583109030393457,1
0.9063442813097778,0.5092767305776906,0.04746242400204233,-0.2580326057780186,-0.06918404303709388,1
-0.032660736057096455,0.028112609433921847,0.6112808650243167,-0.2821001985712394,0.45625095509905633,0
-0.5345755541092062,0.009958247495730026,-0.09208459469199061,-0.1138059356995551,0.3977457613264401,0
0.46938620508222184,-0.3575719243363791,0.42285413425650514,-0.473254847835632,0.31884013889807983,1
0.4527403591010401,-0.5881854963231544,-0.4007804506420321,-0.29011897155138144,-0.38465181325081205,0
-0.8121201669736022,-0.11946005073058796,0.009503437161852516,-0.06688475043030517,-0.08470954933841869,0
0.17347947085125595,-0.12607866842509158,0.028094513266713424,0.5945565735827173,0.6263094435324165,0
-0.7893691804718276,-0.03220504392645583,-0.039270758246992714,-0.22326431521842838,0.03190191066770119,0
0.027908923548475014,0.3835494295959024,0.7547084615345098,-0.33838197781571405,-0.040410208356886745,0
-0.7322002154069673,-0.24567093144325056,0.09262579610417565,0.17123690960048962,-0.25213599783193136,1
0.4894570410695515,-0.48256280638819016,-0.1637270155149089,0.319594177786402,-0.32049965584246165,0
-0.7313934005368555,-0.09960892327216689,-0.024974219348648435,0.051841660888963345,0.23163836520944764,0
0.016130326015364252,0.24686778413619773,0.9080252633832914,-0.050208624790700825,-0.2717554721766019,1
0.45112472714763574,-0.43445800110830446,0.4622775327081489,-0.3117246414563859,0.1973780523187375,1
0.4588738900307302,0.8639074500091788,0.33700433162884624,-0.019510559779517288,-0.2046647921499222,1
-0.7947755275593297,-0.17931413591465084,0.046467384401901346,0.03052075964225997,-0.1600397732812687,0
0.4868029917071469,-0.44849891024532773,-0.48784296175201375,-0.5044894876538732,-0.21054126197736367,1
-0.7780014081465344,-0.20397076545001583,0.06286841347118763,0.07981494531090541,-0.1935891727914939,0
-0.6734114989688275,0.2563956273653657,-0.2584487759897939,-0.040677256665758464,-0.1481103541601848,0
0.001336228611063154,0.004082471096141383,0.6152279145556084,-0.18668509703272335,0.5622057215552497,0
1.0128082134803047,0.37043841400069094,0.16347157377892121,0.04082390150635437,-0.22901798680280505,1
0.280109598493883,-0.7740621972626441,-0.23448727046971313,-0.4014462737960792,-0.2591591696077775,1
-0.4564100256298335,0.3891625014096438,-0.3353753454914295,-0.10369928312528744,0.3433992266190671,0
0.9816604005246076,0.3850720399483682,0.1760095393332221,-0.09818832035721464,-0.348107886543231,1
-0.6744270542461929,0.24924735812032964,-0.25407591815585384,-0.04647808090475139,-0.1491554354594264,0
-0.705306803990425,-0.2633898718641793,0.10610154833605495,0.2111369841605025,-0.2770174845378897,1
-0.6726613520310633,0.2041831257544067,-0.22725438168101453,0.044696941424459326,-0.21205558590167764,0
-0.5431585461678832,0.17826523105490827,-0.13450370643158016,-0.4916937995250126,0.28679079266663743,0
-0.8115399266760782,-0.09635034731242219,-0.004086404434197098,-0.11413472855562652,-0.05219259287051104,0
0.2392818109930813,0.7694395776408789,-0.4818169823239051,0.2667190070766903,0.09579853289207574,1
-0.7778662659025001,-0.2011946275423339,0.06137383081956241,0.08469727612481659,-0.1930789915879238,0
-0.6087088807264797,0.059920279853501686,-0.12913973255782568,0.2406006026812132,-0.34605376129572957,1
-0.7624949247059535,-0.22110897641044722,0.07470090444480267,0.1147955866844655,-0.21696606874845464,0
-0.5943990047742818,0.049337691034803975,-0.12043430870669913,0.2685652542751327,-0.3584735434334913,0
0.47941643273716145,-0.662305671396836,-0.1747319793749879,0.20284649336704733,0.3868838484939859,0
0.8347007846896454,0.1848988197612234,-0.6029239838626844,0.010364765502589189,-0.07994736300677022,1
-0.812264645263567,-0.10719698774145282,0.002188331133319787,-0.09631057768948427,-0.06607368751231026,0
-0.30672017466372814,0.4570375266618621,-0.30881950253476503,-0.5091189632579153,0.3066931945917885,0
0.45403498603746023,-0.6477653779155182,-0.024582812546571544,0.5943960531157298,0.28258364717720247,1
-0.6584751212710549,0.14427334861677518,-0.18865126537997046,0.1201675271115408,-0.2697731705674734,0
0.28310935854823105,-0.7457007952910316,-0.25301728318484623,-0.45593536754228975,-0.2198110627891024,0
-0.4297638336458491,0.4007868580705505,-0.3355306589193818,-0.14928437689096993,0.3671274593624588,0
0.5160860228063453,-0.6073896974176228,-0.19443429657783892,0.36380816057004467,-0.13078955002785367,1
-0.6087088807264797,0.059920279853501686,-0.12913973255782568,0.2406006026812132,-0.34605376129572957,0
-0.6591591610490821,0.3019426980959996,-0.282765889722154,-0.12606782825967192,-0.08144886065795076,0
0.6739565412788451,-0.2574351463593142,0.6183511482500561,-0.25221863004267014,-0.212865484982758,0
0.5112400874631304,-0.37502460555113964,0.4249156023654946,-0.3786300772735021,0.42125151137186373,1
-0.6758981653121088,0.23233485946037605,-0.2442941941184299,-0.01815556356033973,-0.17084614702537884,0
-0.7779964771893632,-0.20413195921444463,0.06295652446882781,0.07952518978183368,-0.19361620223415854,0
0.003138043996371012,0.2685396640938118,0.8882165077353897,-0.12691063524737015,-0.2289302878333079,0
0.4485378721108962,0.5548480940989708,0.17263791730715525,0.0006710753094143097,0.5743890666390343,0
0.2764584201782337,-0.7913673914205246,-0.2192261462632161,-0.3600123527700168,-0.2867630682331172,0
0.5582859224579368,-0.5509726013747576,-0.30300114470279765,0.1395087158817286,0.034945165090072734,1
0.26980807978641796,0.6977823827210977,-0.4839916058746856,0.4249958352011714,0.23242774061362922,1
-0.2955160032270949,0.43728018018255516,-0.3243011531605602,-0.30695862332729046,0.4472769595885458,0
-0.8113936828900912,-0.09741004078321684,-0.0034860841665365345,-0.11534986093063712,-0.05258719379672616,0
0.6338650817538696,-0.3736078003384942,-0.347797947496161,0.08769061207535583,0.06437752956210098,0
0.12839593020893855,0.7861325789444475,-0.4750627697350271,-0.25317332309308727,0.18085411300413046,0
-0.7387123792386221,-0.13113943971522185,-0.007459466061457753,0.1054175109969429,0.19221805162465372,0
0.44431078677013364,-0.5468059412118358,-0.24818100570359924,-0.15501393459036042,0.2830516725752356,0
0.704333371145059,-0.2809519953927277,0.5424579231429076,-0.031097747624153984,-0.04556722945612397,1
0.8701476723002415,0.16108088743215965,0.32422362454824766,-0.18226138449096613,-0.35903862183699636,1
0.7944583346867652,0.17475799895070976,-0.5842349490919335,-0.027965967504123366,-0.2551889208170545,1
0.6234218968773689,0.24249890451275322,0.07230453630451819,0.09981151384484727,-0.024365916063704064,1
0.545156102916669,-0.26424341805529095,-0.484800292422005,-0.46489915408511084,0.20462717759983282,1
-0.032660736057096455,0.028112609433921847,0.6112808650243167,-0.2821001985712394,0.45625095509905633,0
0.00461115592569199,-0.32686424144258014,0.11905921287118264,0.8429931375060298,0.3793201747896712,1
0.30339842155414404,0.7480801760239865,-0.4883256013643688,0.1924803696646317,0.37382786418022207,0
0.056440871247410054,0.7373504472866064,-0.47086483698629106,-0.010165115800210348,-0.06590216194824187,0
0.46938620508222184,-0.3575719243363791,0.42285413425650514,-0.473254847835632,0.31884013889807983,0
-0.6319090167060606,0.33757366004897543,-0.2986194000330761,-0.20709999335262402,-0.01641196175090693,0
-0.07460869384372602,-0.2511123430768535,0.07691450553410709,0.712622104573002,0.44915436143890336,0
-0.7336378724788372,-0.21712186851698026,0.04431549136369952,0.21061414184030972,0.08139039882265597,1
0.7712468611647777,0.32525975495741066,-0.542227519436848,-0.12466241267975911,0.1720696041065753,1
0.7850209858774996,0.2403287356551754,-0.5523487062538806,-0.030085762981140133,-0.1537480640250519,1
-0.25890946509292284,0.48707186136216324,-0.37765417233042914,0.07882687188059675,-0.16837332639308383,0
-0.7975087515570841,-0.17530256541051994,0.04340041148999101,-0.009650312362010034,-0.14423142103515701,1
0.5682275085157421,-0.4089219456249904,-0.48529557760205044,-0.364097555948912,0.08991790897423699,1
0.5215724496458468,0.7982532656612059,0.34918388527440003,0.15706384571113205,-0.10560083035803432,0
0.46938620508222184,-0.3575719243363791,0.42285413425650514,-0.473254847835632,0.31884013889807983,1
0.7207348955449979,0.3372971932521659,-0.5876974896295586,-0.30910313566014663,0.1832611723573597,1
0.2885502231944356,-0.5105716823921367,-0.3166462412812963,-0.6779212039373435,0.012237099332402041,0
-0.6720820464536365,0.21379557757268658,-0.23129828955701964,-0.06097921616021425,-0.15811243072597747,0
0.17227646775177766,-0.17986795258858693,0.5378316827855761,0.40094948178042034,0.606491708881595,0
0.4683706583260014,-0.7496252934599034,-0.28349668398720607,-0.15484271844248063,0.23622607659898415,1
0.022480054252502695,0.23452110151487415,0.39379517027270344,-0.5788131762110541,0.6527033743080815,0
-0.8119477452863776,-0.12207914957120655,0.010962226332175756,-0.07022106850963385,-0.08558613786310493,0
-0.7046728875316799,-0.2617400520610604,0.10528115225600417,0.2145916837518008,-0.2768674219112613,0
-0.7448339268810868,-0.2359094547176785,0.08545167471349592,0.15002029297098574,-0.23857640141005604,1
0.08262135193093732,0.7121558747889324,-0.45684026170465863,0.20042918397181425,-0.19119458726899852,0
0.008555584979498277,0.2970997427347782,0.8702831284922043,-0.17063647339565738,-0.19236122930175398,0
-0.8111393034676311,-0.08904170162332266,-0.008233677448454005,-0.1188439246892519,-0.045193594181841074,1
-0.7780038338159715,-0.20313072173902713,0.06241165395485219,0.0813135596618296,-0.19344358800093386,0
-0.5474950264095132,0.4035791738796896,-0.32229281931993764,-0.33071675187682054,0.10492517569055494,1
0.46110514201940866,-0.4043021787585185,0.44815567592955835,-0.38417318653457466,0.2512213649788424,1
0.6370626854827206,-0.1686816449435192,-0.5023390710726602,-0.11959634575267389,-0.29968278873151777,1
0.9932277117246266,0.2784714860971528,0.21822754975234132,0.1515780558533648,-0.3429449307388534,1
0.35206576719907695,0.7285429396088073,0.5084109890227465,-0.031089428536793477,-0.23163845840325398,0
0.27689687882759734,-0.7985381619007228,-0.21247161358554337,-0.33770579703816966,-0.29980020165437665,0
-0.7948709619425386,-0.17814619298133166,0.04581984996960823,0.03241477070641927,-0.15978048600675898,0
0.2698715355836668,0.6207897904838268,0.5784022056278253,-0.0023372781634820048,-0.30203878340106344,0
-0.0013987503528052829,0.20712122435311262,0.9121810347849718,-0.026597264783855528,-0.30175868908688885,0
0.7762230246539158,-0.06761632334630294,-0.3183558206035715,0.610277127216917,-0.06791112646593014,0
0.09011544131084512,0.7186268906455312,-0.45967662085994665,0.20731400529468463,-0.1888444194059879,1
0.8999705624348686,0.42757350426431423,0.04207850389166398,0.006726379981073345,0.006407802957774223,1
0.46938620508222184,-0.3575719243363791,0.42285413425650514,-0.473254847835632,0.31884013889807983,1
0.058240243407924254,-0.00456859260601082,0.5892527948237636,-0.07055246474638509,0.6479075464428558,1
-0.7439004990457626,-0.2446713009675828,0.09027212904320393,0.13086391090293786,-0.23891901021273906,0
0.6996067129374599,0.0005944399247654821,0.20457238732103689,-0.32188182206171817,0.22856194097387855,1
-0.8115684226574126,-0.09609594689133462,-0.004229794881102069,-0.11384300141743647,-0.052097566386825944,0
0.3595990397304418,0.2731727656147282,-0.1972660485852717,0.8439026721439836,0.01665917652617614,1
0.8715612898727132,0.1829748208164505,0.2979096131468932,-0.13865496437120498,-0.3264758760607762,1
0.9844597748420861,0.2723451239843673,0.2138283038426438,0.18566635511961985,-0.3410282028157426,1
0.1963479990586495,0.4640930521712725,0.7855848259767372,0.06581427995105256,-0.1452291718127441,0
0.9714394158452975,0.3600405842942332,0.19324859753567988,-0.0968709881085437,-0.379754307974517,1
0.9738981882143792,0.3332578140370001,0.20267664923362794,5.9571373080136116e-05,-0.4102232505683153,1
0.9237847985173486,0.21793492357987446,0.12055995921239816,0.4441261745020406,0.036242741987932967,1
0.6461081601973965,-0.6466114484089198,-0.4148276871626407,0.08524185285845141,0.043311342759826885,0
-0.8119556066746205,-0.12201376160634694,0.010925418835996396,-0.07013744738079102,-0.08556451877395163,0
-0.28681762379565146,0.2991563464311003,-0.31919172922306666,0.15003490534731426,0.5863284941457672,0
0.27834308184826206,-0.7831286212719131,-0.22695868757962429,-0.380840524694425,-0.2731582482386564,1
0.5429035363970661,-0.6185479088947273,-0.41043710596556376,-0.10639520543204699,-0.20060774032919562,1
-0.3673544286088521,0.4528732288477235,-0.31779865294258575,-0.47622762310950284,0.2658462008005137,0
0.8227829713851521,0.13538526108974047,-0.45266661055035323,0.2815297269611273,0.06856887594171536,1
1.044718442159814,0.3872206660395087,0.11743706934092489,0.08322426699122049,-0.03010807570233885,1
-0.7780014081465344,-0.20397076545001583,0.06286841347118763,0.07981494531090541,-0.1935891727914939,0
-0.8099905929283585,-0.13669716946781382,0.01976664210942203,-0.044190677279570746,-0.10480810635254403,0
0.5697458766733642,-0.22013917759685128,0.3309013621533347,-0.4474827747686008,0.2893349417903292,1
0.6362308727274386,-0.674149200289359,-0.37988300908563516,0.16777376653199502,-0.015395944352318773,1
0.17347947085125595,-0.12607866842509158,0.028094513266713424,0.5945565735827173,0.6263094435324165,0
0.9701901998003547,0.42376485234751093,0.129897775592784,-0.07416438364601795,-0.2605941771512354,1
-0.40481332502412715,0.24036829266218782,-0.1551767181330482,-0.555340999556042,0.35995353252155204,0
0.6579499130969484,-0.032860051000729654,-0.5447255708084775,-0.28730783275689903,-0.21265162669354704,1
0.4679036947427214,-0.8048204660654973,-0.26144649999260094,-0.07961644048881675,0.17970109113101407,1
0.9897226274084526,0.2181302539432624,0.23915609115113126,0.19074121147372028,-0.36731088570628073,1
0.5364805717488359,-0.37479340086478435,0.4102363441992041,-0.2699737252005201,0.5035525457434635,1
0.10828583931339528,0.8056947719711841,-0.502242922993652,-0.055625194043252904,0.01698720307982774,0
0.3350171858767838,0.6748197458180374,-0.41370702197442316,0.3332714233850172,0.12985172233240064,0
-0.4646905625364168,-0.29127401170906253,0.10205903746409908,0.5189592392573099,0.11503684832988222,0
0.6871343488613387,-0.07908427055417129,-0.46160536187478846,0.029733110801559368,-0.06128535095598256,1
-0.8115399266760782,-0.09635034731242219,-0.004086404434197098,-0.11413472855562652,-0.05219259287051104,0
0.19736290937050294,0.7060387577777173,-0.45682335537011365,0.3983335257510235,-0.026631793355970435,0
0.9643898271824989,0.44938591506584247,0.11187493342043284,-0.1254483517259198,-0.21869556282004451,1
-0.6399949690724563,0.120285533331762,-0.11156490854980217,-0.42590013744714894,0.21789144730681675,1
0.11840326375603161,0.8133228179009244,-0.5056738379269509,-0.03854796185015894,0.014562050867738319,0
0.07134596939860209,0.1231301075557392,-0.1257317290439309,0.8273058580175657,-0.14320464747947612,1
0.7744369307098359,0.08446764235927569,-0.31710977045077,0.5080251550548821,0.24222132598270113,1
-0.6746320589032165,0.2219139757918184,-0.23817057304569972,0.016366470456964363,-0.19131584218191483,0
-0.6638454597314304,0.1683232130472828,-0.2042679607563969,0.10013137027449044,-0.25125516429823247,0
-0.6304203674045427,0.3449764782515794,-0.3030426049673121,-0.20258879804928367,-0.014463018653331779,0
0.6466580277369525,-0.14915871031222994,-0.4794256890745627,-0.0926564569943683,-0.36359568663171465,1
0.46194091793358416,-0.3801880192110046,-0.49129370815783496,-0.5908155868566387,-0.12903116158424413,1
0.35848572180980004,-0.7840785933078549,-0.25731470964733055,-0.2896098824385505,-0.043352852037808025,1
-0.3586862328468184,-0.4079512957055632,0.1654518410240337,0.7318440229018373,-0.04162803289854854,1
-0.6878512363582309,0.08586913326876698,-0.09681439948743122,-0.3808504020566452,0.17549718329804098,0
-0.7869915125741846,-0.18910693422727193,0.053229900297960764,0.060195646295302156,-0.176564318270559,0
0.09768498732589465,0.7243945385186863,-0.46200960391272256,0.21401681436341227,-0.18626400845252689,0
0.11887996635294883,0.048121517261326824,0.9021469653329629,0.3732882136176465,-0.1012565126014996,0
-0.7281439111351201,-0.20252415086809977,0.036260012756024855,0.2379710302148321,0.09118728379941415,0
0.0028379848561958443,0.26580198651609854,0.8898164169767394,-0.1222979562235031,-0.23248924563387352,0
-0.8121201669736022,-0.11946005073058796,0.009503437161852516,-0.06688475043030517,-0.08470954933841869,0
0.8270035916447962,0.028719078444235616,-0.5394331286372808,0.20542783188367925,-0.21466211036203925,1
0.46507501724265254,-0.4113538451791961,-0.4876238560714667,-0.562559212406202,-0.1627036961136038,0
0.4695497772288841,-0.35748752146870577,0.42283527893326484,-0.4731619783149743,0.318907492384346,1
0.4695497772288841,-0.35748752146870577,0.42283527893326484,-0.4731619783149743,0.318907492384346,1
0.05620102639506194,-0.09758483823654752,-0.017933261251218285,0.41369255050280956,0.5800628274241955,0
0.20129304178064927,0.45956997081981044,0.7898824971408441,0.08717367503064095,-0.15573252488495518,0
0.68541182284585,-0.13882633269243394,0.5089252107243868,-0.3871065191993528,-0.026231140574874103,0
-0.780462386509997,-0.015872378543405074,-0.04780272278364396,-0.2456005425833219,0.051706490515165966,0
0.009949512511606636,0.01116961543032815,0.6146284756588419,-0.1793052040330387,0.5674498851291557,0
-0.8108234104270323,-0.09280249703181861,-0.006124529657014336,-0.12307472646278224,-0.04662944932224563,0
0.9259485992170917,0.48569516437932697,0.06659840775423712,-0.2836736644137907,0.0019163074316210207,1
0.6216468446931515,-0.23572187670425995,0.6138756209871704,-0.3685281963652706,-0.33500526255751867,1
0.46938620508222184,-0.3575719243363791,0.42285413425650514,-0.473254847835632,0.31884013889807983,1
0.9694871133389346,0.32540449672562816,0.20994747885551765,-0.014246773403303345,-0.42172190782751123,1
0.5164043003198102,0.7596526453529533,0.3981669817118578,0.29541716969909726,-0.23091450063371124,1
-0.6699461313529987,-0.29537597201101246,0.10016812468410363,0.35431619223121785,-0.04857343627860475,0
-0.7448339268810868,-0.2359094547176785,0.08545167471349592,0.15002029297098574,-0.23857640141005604,0
0.37512393123655824,0.5703654048709023,0.48312005859074986,0.20873767650581262,-0.27587864606256035,0
0.404777213906229,-0.7582863742780488,-0.02916680926771508,0.49874684777283684,0.08011431509131452,0
0.9076018392349244,0.13850720528760033,0.32570824593445963,-0.07862481049882737,-0.24683138296935248,1
0.26969296286141486,-0.811151447091617,-0.19485618447776504,-0.2971354597406573,-0.3249488703242205,1
0.6068686741734522,0.6014473972220907,0.23362037039878533,0.43768150482570906,0.012697910408820361,0
-0.006397222260320005,0.1689028958854151,0.9145389080088588,0.02219278459450537,-0.3368839936526609,0
-0.7448885458429985,-0.23624002531175375,0.0856244753417844,0.14936420413916723,-0.23861483374605055,0
0.7916007345579021,0.2826760415919346,0.16050537179958446,-0.11324147791984668,-0.11414031312332272,1
0.6183090598886953,-0.4176053432510439,0.5799625514713354,0.2698794298539159,-0.2613063437080893,1
-0.8034102034998974,-0.060694497439925464,-0.024077085875096327,-0.17247156461932328,-0.006384986477052092,0
0.6703435206058463,-0.15498501498819653,-0.5584381881379733,-0.18302258110047503,-0.059824544556233976,1
-0.8115399266760782,-0.09635034731242219,-0.004086404434197098,-0.11413472855562652,-0.05219259287051104,0
-0.40274377274310236,0.1568160361082882,-0.15456207362494936,0.37771473156714047,-0.28438477730013456,0
0.06456231612348005,-0.2966560807260464,0.11199600096569418,0.8322059675741103,0.4022227332909679,0
0.4671408942760564,-0.44192336036644503,-0.4818139858708873,-0.5310900737397731,-0.19676620767444922,1
-0.032682985960870006,0.028093416336860893,0.6112813653853633,-0.28211826753404223,0.4562372567637896,0
0.718368290307726,-0.1642633706328382,0.5484344863651504,-0.14718574195008216,-0.5060663036326708,1
0.3922636892893863,0.5544358142830139,-0.3834411879291471,0.5560938241564044,0.33155341494575824,1
-0.7678829189033648,-0.2148607109405626,0.07044781639624055,0.10459343528430301,-0.20925259853620037,1
-0.5249767293675475,-0.18341805112541876,0.027119283043367075,0.2878872837960164,0.3118161789609569,0
1.0017651393145492,0.3169622846390953,0.1920834595123884,0.12687853272642852,-0.29359582515579075,1
0.6013149603503876,-0.3650563496911656,-0.27445372990104355,0.19680189292156786,0.03162853347572011,1
-0.7780059944105239,-0.20326159502679983,0.062482549961215696,0.08108133056444042,-0.19346678443554852,0
0.28528165396125027,-0.7299291644202455,-0.2617621692489646,-0.4805942135408072,-0.20003386328015013,0
-0.46504865774753856,0.45691817538693913,-0.33983559174198524,-0.3735912316423591,0.1819585555666772,0
-0.6505960248303208,0.12673455555797836,-0.1767411124020139,0.14610846551351223,-0.28701262361278973,0
0.4618482344851876,-0.549273483337708,-0.43543710264920577,-0.37788524476925506,-0.32810411442627085,1
-0.7326463796148239,0.044519737146413725,-0.0777170784605644,-0.3286073720665328,0.12574117482437028,1
-0.8064608143448015,-0.15075637139667902,0.02842974596198782,-0.018037260164516133,-0.12358093759476796,0
0.3274533265429187,-0.8560877259837176,-0.18456607317236556,-0.12194414512860492,-0.17053285501139512,0
-0.7400544271981806,-0.16250625187287626,0.010874172805533981,0.15727266409420557,0.15099793622189514,0
0.2684140615589655,-0.8199936811412263,-0.17976896448194077,-0.25308759612050724,-0.34789398547241684,0
-0.565247754386514,0.2856672939469043,-0.29840186705037897,0.09441659653923931,0.19982141040339604,0
-0.5433987127685139,0.1777434568591344,-0.13423838372442823,-0.4919599768905086,0.28647550474430666,0
-0.23267230955684176,-0.20350280275651583,0.017923266494356938,0.8162377975230469,-0.10398037317922004,1
-0.7678843998736764,-0.21488709716263674,0.07046196946663917,0.10454454481749084,-0.2092566563128292,0
0.47941643273716145,-0.662305671396836,-0.1747319793749879,0.20284649336704733,0.3868838484939859,0
-0.8115399266760782,-0.09635034731242219,-0.004086404434197098,-0.11413472855562652,-0.05219259287051104,0
-0.03361224329022593,0.027290185718883708,0.6112968095818729,-0.28287147493365566,0.45565999766661847,0
0.8403781130305442,0.17750522850667766,0.07832460289487168,-0.156105994054789,0.3159254011927628,1
-0.6720820464536365,0.21379557757268658,-0.23129828955701964,-0.06097921616021425,-0.15811243072597747,0
-0.6563061358517708,0.10868727633554454,-0.10663237547511678,-0.41218254616819006,0.20406770463067947,1
0.2841811712875021,-0.7455768128131792,-0.25356185478297655,-0.45546373368271215,-0.21969235647458635,0
0.6688420827619671,-0.5402669242547604,-0.4733062242995564,-0.06397514350535041,0.17131668542208764,1
0.5372450465958241,-0.5881508219145974,-0.2602154434957935,0.2245778205841243,-0.03568388396281195,1
-0.6734114989688275,0.2563956273653657,-0.2584487759897939,-0.040677256665758464,-0.1481103541601848,0
0.4035333050231252,-0.7612111310925616,-0.0843295511917182,0.2916766867969657,-0.0622272988223911,0
0.0037558580850045598,0.2667626534310856,0.8900766532961603,-0.12148617221816109,-0.2323273634093493,0
-0.036640964008474025,-0.0328445017117883,0.6384551037913135,-0.17559430227597253,0.3717742923396881,0
-0.8122847596817444,-0.10703542013812048,0.0020971495497680314,-0.09611669522783049,-0.06601619931695271,0
0.4505870386216123,-0.842671781595716,-0.236239641315199,-0.03193313053016376,0.13068854225431845,0
-0.5002208938061927,-0.3409696769995085,0.08835594159555044,0.6357801142556408,0.198922213304031,0
-0.8113936828900912,-0.09741004078321684,-0.0034860841665365345,-0.11534986093063712,-0.05258719379672616,0
0.5546078223568964,-0.5793950242891182,-0.44640143382193376,-0.1921880961457709,-0.14015580275347647,1
0.46305704102332396,-0.6086480236525451,-0.3621543304380308,-0.15988426371133707,-0.43906739011825696,1
-0.032660736057096455,0.028112609433921847,0.6112808650243167,-0.2821001985712394,0.45625095509905633,0
-0.25418494067674985,0.3289762646072746,-0.19673302420275401,0.036941393445961125,-0.06548806370949474,1
0.08177642803571653,0.6952249523762453,-0.4469084623230674,0.22973839587401235,-0.21271851235500286,1
0.35848572180980004,-0.7840785933078549,-0.25731470964733055,-0.2896098824385505,-0.043352852037808025,1
0.5425493414113857,-0.3735931204540668,-0.5029943011816493,-0.44722573173807123,0.0814285970587628,1
-0.7192545924488444,-0.25587250024009084,0.10004532370744594,0.18939955215535761,-0.2650274639519284,0
0.19730337323079095,0.8032004513124532,-0.5036922190982304,0.03588420942756399,0.2118168179709357,0
0.8371294900026788,-0.028479716217301304,-0.40264050417848257,0.5302187730102391,0.007396655416947849,1
0.5114629947234249,-0.7249328703325539,-0.13553693395273586,0.37866926643842,0.30853075566432764,0
0.5851060627755408,-0.47900255175479195,-0.20809491803659616,0.4278590411329475,0.3582857964949684,1
0.4513653713713019,0.43240662650025835,-0.270976279727648,0.34683200269658765,0.4890323086940454,0
-0.6712448036544145,0.2656715703747389,-0.2632459027812547,-0.074622527747451,-0.12711120181855268,0
0.6208679077094807,-0.37586210407438625,-0.48833029930426214,-0.2651008254009635,0.30787127828875943,1
-0.7564505226775905,-0.2237032435254047,0.07703960313936259,0.13143270734463147,-0.22398927980189637,0
-0.7336378724788372,-0.21712186851698026,0.04431549136369952,0.21061414184030972,0.08139039882265597,0
0.4627182605088646,-0.5490075709928254,-0.43590327955154,-0.377450575442184,-0.3280462293971496,1
-0.8115792637661788,-0.09599268353541159,-0.004287918392952988,-0.11372458566534925,-0.05205896196549479,1
0.27895063686904104,0.2950479930976363,-0.22421563500792832,0.7715409322319793,-0.08941942156934986,1
0.5107311188398683,-0.6764017744850706,-0.2832078525501482,0.15577325789986224,-0.2946944382596496,1
-0.2574537152142632,0.5284433427014424,-0.400850463950549,-0.021384342565005685,-0.09894214341568014,1
0.6681446663171084,-0.433488015789355,0.6164840282219818,0.30209227037912323,-0.16690507860548215,1
0.12064520763205583,0.8099086177476741,-0.49813912707873526,-0.14162474043931222,0.0915435164015934,1
-0.09342783625679732,0.10184030172698079,-0.1978040217353164,0.46532735299271966,0.557500955510308,0
-0.7351715214635329,-0.12902873660136896,-0.008276998969457423,0.1230928020286588,0.19059272801403224,0
0.4530837480350343,0.8034845743028679,0.3879143918225196,0.10250119271953566,-0.3085458298748813,0
0.5385935840057948,0.8824466131869729,0.2594467422079655,0.03129330908477096,0.016480760911649718,1
-0.8115684226574126,-0.09609594689133462,-0.004229794881102069,-0.11384300141743647,-0.052097566386825944,0
0.003091142578982515,0.2603460861932162,0.8936155913129312,-0.11073159706525632,-0.24054464758180077,1
0.1319402172911755,0.7776134580322485,-0.4672518246280446,-0.2788336354545436,0.20326912460481203,0
0.8166979599391383,0.11118412652077081,-0.593108813396299,0.04633531680398984,-0.16071877639582913,1
0.4306751216745431,-0.23167210696218266,-0.4820576524014607,-0.6884672649868376,0.021490964581199257,1
-0.032660736057096455,0.028112609433921847,0.6112808650243167,-0.2821001985712394,0.45625095509905633,0
0.10907254673814866,0.8056935666713335,-0.5003091653570868,-0.09401491901492055,0.045568720803107095,1
-0.7896011037771474,-0.029404976243445194,-0.04084990792095247,-0.2208542377410691,0.0332093114991038,0
0.12574343933053236,0.8188904744449033,-0.5064817601361792,-0.06379839477767135,0.04004856767799339,0
-0.4542570366684646,0.435723285395625,-0.3238663914287317,-0.4194119820797127,0.19755530189356635,0
-0.8115684226574126,-0.09609594689133462,-0.004229794881102069,-0.11384300141743647,-0.052097566386825944,0
-0.7461874035489273,0.028678171009522045,-0.07002020308857883,-0.31007032266635365,0.10731793927292105,0
-0.6720820464536365,0.21379557757268658,-0.23129828955701964,-0.06097921616021425,-0.15811243072597747,0
-0.13094470565081617,0.6096541560133244,-0.41061806695549014,-0.36003378208616293,0.20385508614759185,0
-0.032687478413001875,0.028089540859101748,0.6112814656745735,-0.2821219156230525,0.4562344902512426,0
0.64679332402578,-0.4448280683247082,0.6115642626987334,0.3387238453251785,-0.19551492907430054,1
-0.8113936828900912,-0.09741004078321684,-0.0034860841665365345,-0.11534986093063712,-0.05258719379672616,0
-0.7459915976358126,0.031738024007643126,-0.07170282885094952,-0.3079564746526563,0.1089342358660339,0
0.6401264628890475,-0.49058879899162144,-0.359402258814662,0.14434187747312055,0.2923562753864882,1
0.8708238460207633,0.13943881622470353,0.3556466538098208,-0.10220223019471605,-0.45064976003854584,1
0.2750186061272415,-0.8106021760228279,-0.19730959796770947,-0.2940275492584517,-0.3246994882473441,0
0.12655717785631612,0.7396196301436946,-0.466219427241467,0.23736764646368572,-0.1746007499020058,0
-0.565247754386514,0.2856672939469043,-0.29840186705037897,0.09441659653923931,0.19982141040339604,0
-0.7434087566357338,-0.16105278451828559,0.00974148019017607,0.10869402915601901,0.16097103315152278,0
-0.7780071373164682,-0.20361999385456242,0.06267719664942954,0.0804430253771599,-0.193529339242171,0
0.3116066961464799,-0.8331064690467325,-0.0444566569280356,0.24004668851131844,-0.3123668684357611,1
0.06523831356076938,-0.265917976845055,0.08954591843492603,0.7925519672497948,0.47636870166362316,0
-0.6720820464536365,0.21379557757268658,-0.23129828955701964,-0.06097921616021425,-0.15811243072597747,0
-0.5589090174392587,0.16975641377752626,-0.1313135006868682,-0.48257759017082297,0.2767837013175125,0
0.276607326021204,-0.24095242608190584,-0.31871734475106933,-0.7571657994229585,0.20576124592165498,1
0.545482055047105,0.7645992269932705,0.3708928913430319,0.32303093113080267,-0.20632441217182215,1
0.47941643273716145,-0.662305671396836,-0.1747319793749879,0.20284649336704733,0.3868838484939859,0
0.8355586192402501,0.1898721300929841,-0.5980977046558411,0.018469405233666105,-0.0755448052437763,1
0.43581503634234986,0.8840659842721713,0.23577743018490313,-0.21347381927142467,-0.025682298899009755,0
-0.8109966565955032,-0.09147791245485569,-0.006874229032950779,-0.1215856822431388,-0.046126175169208646,0
-0.41730773632334706,-0.3941023097999024,0.14229994451188793,0.7067044112293485,0.03741630465436143,1
-0.7351715214635329,-0.12902873660136896,-0.008276998969457423,0.1230928020286588,0.19059272801403224,0
-0.7679088805532195,-0.21554888552854856,0.07081824538854567,0.10331111689678074,-0.20935553538773924,0
0.1247030801739103,0.8061431909539662,-0.49296104103250526,-0.17743957560026327,0.12167365730717172,0
0.28904761006650703,0.7272650584292123,0.2765399978077997,-0.40261183816822765,0.127185858762526,0
-0.76786166021069,-0.21453721351830357,0.07027461819668758,0.1051910695777407,-0.20920214111443702,0
0.012944177126769449,0.27598374038034373,0.8918102255269641,-0.1133524852600624,-0.23047271483882784,0
0.9574181930313881,0.47055619394266973,0.08815035958018923,-0.23140663896506167,-0.04647977590597554,1
-0.8101123606295862,-0.08391809765016223,-0.010783115759814128,-0.09987387651323082,-0.04742307533333269,0
0.8556254969656598,0.06861838183888387,-0.4386510465123844,0.4261400667975863,0.10965241441256363,0
-0.7948633241658941,-0.17828533229908108,0.04589659699427815,0.03219041779797185,-0.15981195707126475,0
-0.7187709826292569,-0.25411964378182933,0.09915289153486782,0.19307905098653713,-0.2648795006813524,0
0.4596381960509646,-0.40973117812087495,0.45085496721558294,-0.37219461377587854,0.2422540569779391,0
0.46923318777675543,-0.3576507070512797,0.42287163726505594,-0.47334150806842895,0.3187770815952017,0
0.29314063409589436,-0.6430742550590702,-0.2953406394948954,-0.5810573963397914,-0.10583898576575927,0
0.7546509155997686,0.057153963657871995,-0.49328151269135484,0.1608468188785766,-0.38597329795771734,1
0.5418936289215058,0.696597547631132,0.3756818166486917,0.40679214033169103,-0.24943967833958475,0
0.5907520048031497,-0.4595505349514576,-0.36188742112218464,0.01447612005248716,0.1508195808607364,1
-0.2678834410541479,0.4791505310714694,-0.37413617871428295,0.0703169023845911,-0.1713249211523044,1
-0.8027598544264242,-0.09653502000059011,-0.002080795564693679,-0.03868179919999689,-0.07622486205433672,0
-0.683352594731417,-0.05566768603506704,-0.010434508055581194,0.09115594579564748,-0.08208169982027581,1
-0.03317797842416797,0.02315418833405753,0.6140776643120213,-0.27373258766541697,0.4497971377765116,1
-0.8115684226574126,-0.09609594689133462,-0.004229794881102069,-0.11384300141743647,-0.052097566386825944,0
0.09088882168039826,0.7650710200825124,-0.4857923887566144,0.09352090227402182,-0.10718208119326902,1
0.8378468675383519,0.27390446270344054,0.21537620305237415,-0.3708939128668321,-0.01872521625677654,1
-0.7948345305390168,-0.17870105790259574,0.046126536912523955,0.031518032003098766,-0.15990505638286884,0
0.11890320951844773,0.8142101686999426,-0.5047304714023787,-0.06992582642155992,0.037750712609272014,0
0.6542223699796523,-0.05567638702718265,-0.5351184948292096,-0.25977950925377036,-0.24034422139912875,1
-0.014353151694960618,0.043327160323402614,0.6089471434382119,-0.2667270555752222,0.4657055166575521,0
0.5571579313475705,-0.4698561457942644,-0.4926665995449761,-0.3518125455505341,-0.010494665090747457,1
-0.8034056692829381,-0.06074538428539773,-0.02404843141496837,-0.17252176670223388,-0.006406670870829739,0
0.7954128828421273,0.18009897623842763,-0.5788364581718272,-0.01875667336052672,-0.24801047911556146,1
-0.7780038338159715,-0.20313072173902713,0.06241165395485219,0.0813135596618296,-0.19344358800093386,0
0.0028379848561958443,0.26580198651609854,0.8898164169767394,-0.1222979562235031,-0.23248924563387352,0
1.0073675523837289,0.4018154931013471,0.13279961380369973,-0.11958342593548439,-0.12784930676614592,1
0.0028437190951717726,0.2658080111241776,0.889818093473022,-0.12229288518564432,-0.2324882479313549,0
-0.02061568549429785,0.10300204395432393,0.5563113614616634,-0.4019799149265989,0.5446320881294631,0
0.4306751216745431,-0.23167210696218266,-0.4820576524014607,-0.6884672649868376,0.021490964581199257,1
0.3096458528809018,0.5864752033514362,-0.3200905834625448,0.3037853420253017,-0.03352253079067792,0
-0.7326463796148239,0.044519737146413725,-0.0777170784605644,-0.3286073720665328,0.12574117482437028,0
-0.2385542617249117,-0.05017872362540599,-0.12103820352159196,0.7069330981939899,0.3792731627145492,0
0.500457035720785,-0.6934103619378702,-0.1777419117615149,0.43098303763040435,-0.2365651857950025,1
0.0028437190951717726,0.2658080111241776,0.889818093473022,-0.12229288518564432,-0.2324882479313549,0
0.12014942705565126,0.06565550679556077,0.9048854884462374,0.3495336222814015,-0.08105481324257288,0
0.7147384640206005,-0.2701417226906561,0.5381662419895418,-0.0320703344212732,-0.036443323996147706,1
0.2858644113976534,-0.741882466455749,-0.25621645496673595,-0.4607264234635435,-0.2150114924676679,0
0.5113140025240692,-0.6087246348794849,-0.18720812531713496,0.3738675496865376,-0.1395676000464054,1
0.104536290505914,0.8022156023391104,-0.5010313759395277,-0.05087085721996098,0.00988389879496333,0
0.8725653452406776,0.18238037240071678,0.3005792334957724,-0.14834577528451445,-0.32858677200020764,1
-0.810453177278355,-0.08499475413005132,-0.010227088920019424,-0.10110923919460671,-0.04784580400027918,0
0.99027320463866,0.20198941081922964,0.20778402044541008,0.22865022465669624,-0.1898430894973047,1
0.8370727982411335,0.10450624101339274,-0.529515167061284,0.16695824875672036,0.08322921705343177,1
0.4637151573167993,-0.6397211043516814,-0.04006114051479927,0.5671384600726489,0.32008684109707075,0
0.4683472855515312,-0.6345638016299929,-0.04798109786150844,0.5522998732771616,0.3391137202919936,0
-0.5695513452914397,0.2676608435538052,-0.2900434299484604,0.16734660810255136,0.16315295956922937,1
0.546536392119842,0.877104934803756,0.24282910494538515,0.03690555230645644,0.03195048502203631,0
-0.0874908052223443,0.5996815675650564,-0.3908205599781795,-0.42251074439878206,0.2673787638508508,0
0.5205053446105463,-0.6503305734357581,-0.3580272294010158,-0.0024111919133284966,-0.2665372479778528,1
0.13417122355095695,0.4772570486774468,0.7819033295347155,-0.07144437709318667,-0.2931878764493851,1
-0.539397508788278,-0.15250202659471956,-0.03512986245630575,0.32065009135008904,0.5037760745834303,0
-0.2382252263234753,-0.1441272234886007,-0.029758100422233792,0.8448590767747548,-0.032347598575841505,1
0.5874222508871022,0.5770967471419922,0.34109044847040904,0.5326142194991458,-0.10617435110990046,1
-0.6552416121293915,0.23760384793924355,-0.24551757699225002,0.07856328833654122,-0.20538324278292136,0
-0.032575991374567445,0.028185694713950944,0.6112789035847256,-0.2820313634651542,0.4563030762271769,0
-0.0018748391634503252,0.19254082915662155,0.9145551541968685,-0.003685028732317901,-0.3170926318315077,1
0.2707738923017229,-0.8110678567511598,-0.19536013269797334,-0.29651737306430204,-0.3249103412280453,1
-0.09710028646240623,0.6033193616997202,-0.3961638171514458,-0.4086153286168811,0.25362403838950676,0
0.958932465377752,0.425423171755736,0.1272442308675836,-0.2183224228539925,-0.11669133555573052,1
0.4153163523960663,0.5538620898154563,0.3306444673878307,0.170574631732101,-0.12149097521422027,0
0.8916607366614404,0.16459445034202905,-0.6058355188968791,0.1066257726061987,0.10349828709124112,1
0.36522326602326083,-0.694804500410378,-0.29456641244717474,-0.4040959630025846,0.05307295122833069,1
-0.032660736057096455,0.028112609433921847,0.6112808650243167,-0.2821001985712394,0.45625095509905633,0
-0.7184185023465146,0.05823245793285018,-0.08413672432335087,-0.34732861616137095,0.14266285380311622,0
-0.6743421353953681,0.22328060292538732,-0.238991682120864,0.01761705902258896,-0.19114472735966115,0
-0.8115684226574126,-0.09609594689133462,-0.004229794881102069,-0.11384300141743647,-0.052097566386825944,0
0.2841811712875021,-0.7455768128131792,-0.25356185478297655,-0.45546373368271215,-0.21969235647458635,0
-0.49843770369183565,-0.20834089986466175,0.04538644705720192,0.4052888374726455,0.2586132759539634,0
-0.7448653371268146,-0.23609508920867864,0.08554863770767815,0.14965240912032446,-0.23859819307528235,0
0.4364978238706804,-0.4688468472215336,-0.10642837070359108,0.2388448465054676,0.3011547639539243,0
0.0028437190951717726,0.2658080111241776,0.889818093473022,-0.12229288518564432,-0.2324882479313549,0
-0.8033990580494239,-0.060817853027802966,-0.02400760697455477,-0.17259324215138977,-0.006437550840026282,1
-0.2780252664122394,0.45338088044336267,-0.30103160054411915,-0.5264430257302036,0.32420427770257465,1
0.758154931635311,0.2396216290106831,-0.5799060797479891,-0.1437024036707918,0.19738077652628572,1
0.09105240840292696,0.7652204136304368,-0.4858597689840747,0.09367014903097674,-0.10713028778122273,1
0.46938620508222184,-0.3575719243363791,0.42285413425650514,-0.473254847835632,0.31884013889807983,1
-0.705306803990425,-0.2633898718641793,0.10610154833605495,0.2111369841605025,-0.2770174845378897,0
-0.7416776255769205,-0.22751644961199569,0.08124297055138323,0.16536515304180596,-0.23709821146044988,0
0.4680100100301558,-0.4714251043454645,-0.4737417695487023,-0.49653360572221383,-0.23079253519080278,1
0.813781933637061,0.19200560007659634,-0.6237324844342811,-0.08160013895686385,-0.051805776840929296,1
0.673963390391254,-0.25743148395901244,0.618350778127785,-0.25221431161718605,-0.2128641945444469,0
-0.8034102034998974,-0.060694497439925464,-0.024077085875096327,-0.17247156461932328,-0.006384986477052092,1
0.6512636424425697,-0.6502419435135426,-0.4090805655332993,0.11218936312650377,0.030559018148899157,1
1.0584838315312046,0.3777895107347338,0.13255609575041616,0.074294768926326,-0.04968566320583165,1
-0.34935561263379133,0.4748025270151449,-0.32847682738121664,-0.4605176628145823,0.27581094506721404,0
0.47080737486752616,0.8534319849690192,0.3542839165618459,0.04027494577871896,-0.24243808118641044,0
0.004878858393389289,0.26792799068509426,0.8903729735369613,-0.1204927834173168,-0.23212337333588784,0
0.8149345065542716,-0.01741085078331156,-0.4438792634300412,0.3867726635453691,-0.0797324663069426,1
-0.46712635246650747,0.43657499368727304,-0.3269926468940972,-0.4044840183692025,0.18599874165989583,0
0.5626207180407283,0.8406163677018387,0.20555158299107568,0.025495060274939425,0.2111245793191272,1
-0.7779986732122869,-0.20292834391601292,0.06230221219599477,0.08167177801698808,-0.1934073485131929,0
-0.8115684226574126,-0.09609594689133462,-0.004229794881102069,-0.11384300141743647,-0.052097566386825944,0
-0.7804714153137378,-0.015735232332636146,-0.04787990601659171,-0.24549007022389213,0.05177306924725449,0
0.9666374867096443,0.46396019343768685,0.09601937410381067,-0.21369186321116115,-0.06378767361227364,1
-0.6078184990922633,0.1400432114578407,-0.11951445633733969,-0.4517252075140045,0.24242915803136383,0
0.5516998599368224,-0.3907397343253877,0.3880683809137176,-0.19946944151821866,0.5023989629327995,0
-0.5249736447850758,0.33830416755980064,-0.32149393027012174,0.021196946159729647,0.26391393753337244,0
-0.5127580594847242,-0.09859257985923012,-0.061729053334079236,0.24929560956466898,0.5546770045584011,0
0.5113508997454953,-0.5046371115790496,-0.4686193913720144,-0.38224331788025756,-0.29238035097120857,1
-0.579151721378354,0.14631411791707985,-0.12024229065269577,-0.4790553276691183,0.2572086072831943,0
0.0028379848561958443,0.26580198651609854,0.8898164169767394,-0.1222979562235031,-0.23248924563387352,0
0.5129660346630616,0.880298435900403,0.2782519533503696,-0.0018029041931313312,0.0032174293264172478,1
0.6359597161009973,-0.6191912848611802,-0.34268921636951044,0.2557389430258378,0.17150304846474657,1
-0.8115399266760782,-0.09635034731242219,-0.004086404434197098,-0.11413472855562652,-0.05219259287051104,0
-0.23294406186243366,0.5039167816449316,-0.38361505217787967,0.10015834138442863,-0.15934598278963585,0
-0.6562440124767155,0.10892362807925617,-0.10675756751762042,-0.41205131131396255,0.20420498658659259,0
0.27219940237021806,0.6596643829027747,0.5492309752482333,-0.07870535447914033,-0.2422979104337015,1
-0.6991013219223426,-0.03593645589353474,-0.057706054149901556,-0.05170320443664065,0.3040245941349579,0
-0.8109684452079455,-0.09173431357199394,-0.006729696438131809,-0.12187401079078225,-0.046223804558554585,0
-0.2618527695863363,0.44994435246478715,-0.35581854663019613,0.1353115888427202,-0.21221219932598825,1
0.8670227311102845,-0.1860205798789559,0.46688339866799033,0.2138451137229265,-0.03560267062912766,1
0.7701131148761408,0.2769036836122823,-0.5417386960808847,-0.066305771427574,-0.09055039854496578,1
0.4614667910984337,-0.3668474743943964,-0.1066085651870898,0.27803206441457057,0.46098248197247993,0
-0.8113396371139913,-0.09773633082472737,-0.003300246636841085,-0.11572399778642875,-0.05270829349169682,0
0.5112400874631304,-0.37502460555113964,0.4249156023654946,-0.3786300772735021,0.42125151137186373,1
-0.032660736057096455,0.028112609433921847,0.6112808650243167,-0.2821001985712394,0.45625095509905633,0
-0.7805379995286004,-0.014037306352175533,-0.04883034727080494,-0.2441109429670263,0.052595697503478596,0
0.674370887070149,-0.5139186213353769,-0.3185135805907528,0.3305307221506265,0.19735402956989323,1
-0.5418694001866748,-0.14674190786938487,-0.037646634626004295,0.2779979303488533,0.5103095735494336,0
0.3524677763771688,-0.8217837837849626,-0.23048875581153092,-0.21480818759946335,-0.09871864300848421,0
0.6988979379209554,-0.33094494415309006,-0.283573947815309,0.565580759216541,-0.10493229088881631,1
-0.6701517856050068,0.17974752842809552,-0.21194091873222437,0.06614532097299518,-0.2325245036268797,0
0.05454070058696174,0.22006770673157397,0.9100392730016926,0.05214244290725418,-0.12614654841803688,0
0.1871229330269597,0.7895467565176199,-0.5043490518819663,0.15953536395735962,0.12700474023480962,1
0.13454483076681048,0.10284768028688122,0.9077834743481034,0.3245854688481166,-0.045649583813600195,1
-0.7678785519458228,-0.21478655857727008,0.07040806360333979,0.10473071380328439,-0.2092411482486957,0
-0.7640551373696833,-0.20331299706681508,0.064581556265322,0.12417846970923486,-0.20675025363354946,0
0.13454538065237664,0.7948586751463712,-0.4801550045095615,-0.23756389245594706,0.17546320494868964,0
0.09555787508330492,0.3371105355359601,0.3610415789456064,-0.5089329448877958,0.604631001326565,0
0.7719652344797441,0.09072957711258665,-0.5352096081132477,0.08666459179372576,-0.3540264606414482,1
-0.8064396340542356,-0.15098511201181375,0.028557346859252153,-0.01836720070419748,-0.12364480533744535,0
-0.03267860036917297,0.028097199558022694,0.6112812672424699,-0.2821147061579436,0.45623995724412686,0
0.14981067948925067,0.7325452142095682,-0.4281207847316557,-0.37100687596576526,0.28942063849102334,1
-0.5439394893413244,0.1765318344520032,-0.13362024837643563,-0.49256507282902456,0.2857399460348798,0
0.45791908484348365,0.8205471336503781,0.3778904914131884,0.08022145134317561,-0.28763458385015594,1
-0.30597998166781404,0.41947062181315536,-0.3411117154058166,0.02007483271556043,-0.18176584822567746,0
0.4676109203073211,-0.7085678374846692,-0.052481261859782156,0.5437314261077737,0.2543593052079356,0
0.4627182605088646,-0.5490075709928254,-0.43590327955154,-0.377450575442184,-0.3280462293971496,1
-0.8034102034998974,-0.060694497439925464,-0.024077085875096327,-0.17247156461932328,-0.006384986477052092,0
-0.3786007853390379,0.14657036962973188,-0.26283734095374867,0.5007483825743155,0.4192514051393309,0
0.4457381735708747,-0.3358527397195469,-0.11540971942396654,0.20600869427356241,0.40565190102740545,0
-0.7392947100089953,-0.13587797991831396,-0.004748140169162205,0.11337460953373898,0.18611451491720316,0
-0.7567916811322358,-0.2257747333826078,0.07812511336513232,0.12752726980132786,-0.22429634062498227,0
0.9694871133389346,0.32540449672562816,0.20994747885551765,-0.014246773403303345,-0.42172190782751123,1
0.4459125216087205,-0.7147314092731102,-0.021287431690201124,0.592526066157048,0.1832344086499762,0
-0.6870244182490479,7.63837615612473e-05,-0.04353258217739461,-0.003344435122181845,-0.0101435472980253,1
0.64679332402578,-0.4448280683247082,0.6115642626987334,0.3387238453251785,-0.19551492907430054,1
0.5316054973814064,0.8826954078036549,0.27262258068766015,0.030362980412550797,0.0023276576186303656,1
-0.7448653371268146,-0.23609508920867864,0.08554863770767815,0.14965240912032446,-0.23859819307528235,0
0.4456258404776334,0.8907039008987563,0.24479473590691125,-0.1895057685007242,-0.041751649494777054,1
-0.811467004446046,-0.09691892780087231,-0.003764912232301491,-0.11478671890286785,-0.05240456385678758,0
0.272282232810098,-0.8053608565638409,-0.2032197661868166,-0.3180027742900417,-0.3126773192457819,1
-0.8115399266760782,-0.09635034731242219,-0.004086404434197098,-0.11413472855562652,-0.05219259287051104,0
0.5462805910814067,-0.6608043847865196,-0.3383787290398966,0.07600529793442812,-0.24150922993239876,1
-0.7678185250645498,-0.21404583049607856,0.07001265288592612,0.10609268056765833,-0.20912302016412568,0
0.46948648580211566,-0.35752020251033023,0.4228425924650416,-0.4731979409964379,0.3188814376624198,1
0.45352224706081723,-0.42566176389960086,0.45824605167145843,-0.33675378107052345,0.21484566663332666,0
-0.21857202279158572,0.1339716302775771,-0.16760725671434565,0.5556156913248815,0.21838987438276034,0
-0.8115399266760782,-0.09635034731242219,-0.004086404434197098,-0.11413472855562652,-0.05219259287051104,0
0.5689993113871552,-0.39215664711313925,0.411791928766173,-0.2744032054155785,0.5503898306620372,0
-0.6492133045867743,0.13268364133205982,-0.1803181746455099,0.1529612432953836,-0.28687688305448406,0
0.58017389535756,0.7654733196221584,0.18318885499126347,0.10478090384733932,0.20519467839957345,0
0.12939784185986683,0.5191566359539387,-0.34524634141020755,0.12110324040332858,0.39539716847631134,1
0.017431835273367155,0.3494014134742579,0.8113638033508778,-0.271052280482563,-0.10639601289908358,0
0.10611476702460995,0.803624420451012,-0.5002188357107894,-0.08125304722801598,0.0334204366246224,0
-0.770181899915487,9.071763688996544e-05,-0.055967167461351094,-0.26735094293899214,0.07110806450271243,0
-0.6922861664572777,-0.275209620412099,0.08485603198488444,0.3208299142816522,-0.013390744538928247,1
-0.2136012059562542,0.23806582034459203,-0.22966594819492664,0.39207683718658204,0.35370617259240744,0
-0.6638454597314304,0.1683232130472828,-0.2042679607563969,0.10013137027449044,-0.25125516429823247,0
-0.8115158678438337,-0.09654927492668744,-0.003974085058558047,-0.11436284085156105,-0.05226681935960495,0
-0.6723133723608116,0.09706004063125323,-0.10163527109500217,-0.3972766296729774,0.18985344610107283,0
0.8168307602454334,0.11132981721201873,-0.5931077740065595,0.046510799636571544,-0.16063121439815106,1
0.6661845495837007,-0.4374108518404971,-0.49409739818955534,-0.16431670952179997,0.2581844346018274,1
0.1759037615963522,0.7200764481016304,-0.469925572600848,0.3502811077287231,-0.010251868015435352,0
-0.20611373657246101,0.45376885098339353,-0.28775736227976434,-0.5533104989230355,0.3648607385713373,0
-0.6701977502316978,0.2729245502008504,-0.2676745955203621,-0.069035153242755,-0.12590537956938577,1
-0.6720820464536365,0.21379557757268658,-0.23129828955701964,-0.06097921616021425,-0.15811243072597747,0
-0.7322710422495023,-0.2459927553264864,0.09279184197952825,0.17057891380984727,-0.2521680066816146,0
-0.7983066348716393,-0.1713297727913253,0.04143561501968963,0.02020625716070164,-0.15090828303723447,0
0.2663393401141986,-0.8257620270966581,-0.16419734041289621,-0.20973246914439986,-0.3688554569394643,1
0.45940116501134215,-0.3023889898774161,-0.09560279498873582,0.29349759589352786,0.48230583159211554,0
0.5148306032232944,0.47971516316684054,0.0851528367057142,0.2744254909073782,0.054296430271867105,1
0.46987652932553786,-0.3573183415175634,0.42279716372405524,-0.4729757434105041,0.3190418722473106,0
0.5024424496259619,0.8061170997717334,0.37174226773418445,0.1905157041770251,-0.3070747580937049,1
-0.7565242134117282,-0.22405493767479762,0.07722229032473979,0.13077995203635284,-0.22404543987994793,0
0.06631772167853266,-0.24349098666409524,0.07423125928510617,0.7609400617740472,0.5228271549259985,0
-0.11139142644956773,0.39703894780764987,-0.3122065009595271,-0.15062237329282382,0.6403295038619987,0
0.35422761987544,0.28057188978747477,0.6752084150592975,0.4501691234693575,0.11719990752373483,0
-0.07344722846154189,-0.262707662309332,0.08496562412594016,0.7294052282329081,0.42507859600748615,0
-0.7441967462091189,-0.23328514206362969,0.08410040382761753,0.15507777194393593,-0.23821349797812344,0
-0.7322658988246382,-0.24596849128234644,0.09277930326781439,0.1706286879798565,-0.25216565511753714,0
0.7548543262159203,0.10169095343296886,-0.3769476844551655,0.3451554641199053,-0.13490097968162815,1
0.18409936192181725,0.7226779634203643,-0.46977656348440616,0.3558663145418343,-0.00720124244592538,1
0.6110372440613475,-0.4145201131972883,0.6368134448215467,0.12847874781363616,-0.3938948765310214,1
-0.6870244182490479,7.63837615612473e-05,-0.04353258217739461,-0.003344435122181845,-0.0101435472980253,1
-0.0007195210303948688,0.22160925127508443,0.9086337576926844,-0.04970871800277795,-0.28581531322223536,0
-0.1079214840144766,0.6059464450937443,-0.40115125834091625,-0.3939830180681493,0.23838097168385722,0
-0.39517096203726304,0.44823093921407575,-0.32023151533644917,-0.4601900743101241,0.24538478606395597,0
-0.6562440124767155,0.10892362807925617,-0.10675756751762042,-0.41205131131396255,0.20420498658659259,0
0.4693650557938706,-0.35758282329263724,0.4228565612375712,-0.47326683804558917,0.3188314263054365,1
0.6057704191900679,0.8293996282137232,0.24245120467340986,0.17594059740676116,0.1377044311360226,0
-0.21865457474362207,0.41442916766899207,-0.24241127231315568,-0.14041078796821876,0.07571488670758918,0
0.9025664272936926,0.2985963212696504,0.1412804392430863,0.22919211568141257,-0.21896310595372184,1
0.08953691598016429,0.7582287448130488,-0.4822625218322978,0.11051891331221247,-0.12062777095513691,1
0.673938391735389,-0.3524977548900508,0.6397223863753382,-0.04211752970665386,-0.2996517257149476,0
-0.03547837374878795,-0.005112989277081945,0.6280440026718023,-0.225042237106052,0.4115992739327917,0
-0.7382867319702269,-0.2034883783803056,0.03555952162485256,0.1865601619057068,0.10148209944740813,0
-0.5728215212849022,0.41226194268815824,-0.3337600782523049,-0.24702702659627349,0.06017540338194248,0
0.4515209807045492,-0.30193117231365124,-0.49296132508368484,-0.6471424576003,-0.04856498757803145,1
0.0995859410801111,0.7943076571713423,-0.4989702941208629,-0.0051940473603470615,-0.027909012330674842,1
0.6268149187608447,-0.0868232099283962,-0.4007278968821197,0.045627324661083844,-0.2373242621187966,1
0.14258198346550782,0.19208903152077939,0.8813876957853266,0.18473484545026622,0.0652693747257043,1
0.9569308222959046,0.31160959815510086,0.21931556808450972,-0.034946200029250196,-0.43514907102641426,1
0.08353248862667968,0.7129837785962426,-0.45721359246207915,0.2012797039455596,-0.1909199141828876,0
0.19052519057427345,0.8007380561851282,-0.505384769355975,0.061104979006684566,0.1911929699504879,1
-0.812463583445165,-0.10440520923762618,0.000629075701339791,-0.09296577783482149,-0.06507190587442711,0
-0.3957955929373937,0.4471784745671794,-0.31967898381187515,-0.460751896965553,0.24491007279521632,0
-0.2506184088903923,0.17622331764311008,-0.10638680291374199,0.26775389071031086,-0.23957388022474108,0
0.8934247922551514,0.4165463243592579,0.08236272276791794,-0.004305466629980705,-0.1654623831497123,1
0.6487885392154352,-0.12416308603702657,-0.49816082969635006,-0.14616668975509334,-0.32965503373818467,1
-0.02419361845813466,0.035288115983688646,0.6106635222042928,-0.2751117914849517,0.4610602771973474,0
-0.7972284250997757,-0.0453990612316994,-0.03235371694078818,-0.19732289893567162,0.013330845631472367,0
0.49188556622682256,-0.6606078824867323,-0.22147383731299827,0.2746226514301334,-0.34259084668801004,1
-0.657534297702698,-0.30315656774595673,0.10662130052108885,0.37327144218213076,-0.06445035276806274,0
-0.6506749920545801,0.3185369139827391,-0.29112894099250125,-0.1513989730295205,-0.058573349089110265,0
-0.4244000489137654,0.44221868913769585,-0.32211149921616955,-0.4415831813036858,0.2225352980077726,0
0.1733974089785665,0.6796017871111413,-0.44610893426250775,0.4177035552303807,-0.06089170748993312,1
-0.7566540171130632,-0.22476735690465086,0.07759434233886964,0.1294449583407872,-0.2241542291357113,0
0.524590011729577,-0.4596914807552081,-0.31067610641299426,0.0727949847868953,0.1957087224273868,1
0.4693703749154017,-0.35758008246839207,0.42285595107887564,-0.4732638228415317,0.31883361764038637,1
-0.5693432559309253,0.1437212496843342,-0.21549272739869815,0.36581864749748355,0.006184494670117385,0
0.33257439939097116,-0.8327798177455074,-0.21486551894360784,-0.20587933477335174,-0.11689426052349272,0
0.7304350362389422,0.21905340275096225,-0.43786607413486384,0.10578445765999137,-0.13633601377303164,1
0.015349778174789016,0.10155113300327025,0.9022955987616648,0.16702428007801629,-0.40639330995620526,0
-0.6720820464536365,0.21379557757268658,-0.23129828955701964,-0.06097921616021425,-0.15811243072597747,0
-0.6492133045867743,0.13268364133205982,-0.1803181746455099,0.1529612432953836,-0.28687688305448406,0
-0.6492133045867743,0.13268364133205982,-0.1803181746455099,0.1529612432953836,-0.28687688305448406,0
-0.8102341024039575,-0.10067921890380668,-0.0009007784462918922,-0.06617819942621489,-0.07080886199117499,0
0.4901409036645441,-0.41071670352688167,-0.20877554218366942,0.04180893309967449,0.5056806553090772,0
0.49015816949450336,0.49313403137989326,0.08699671213748969,0.2269832402421064,0.0031059745422261065,1
-0.8115399266760782,-0.09635034731242219,-0.004086404434197098,-0.11413472855562652,-0.05219259287051104,0
-0.8115399266760782,-0.09635034731242219,-0.004086404434197098,-0.11413472855562652,-0.05219259287051104,0
0.08927862166361321,0.7179422485992687,-0.4593861600609159,0.20655762571878222,-0.18911704597894877,1
0.22244498730275092,0.762859919175842,-0.483408672886794,0.2912356439307756,0.06752795135933912,0
0.9282971318510522,0.23159742699165017,0.11351044303490625,0.4242098950549923,0.05288943185297892,1
-0.7235749629336984,-0.21848309579952235,0.04642230648750578,0.25723323689021804,0.06930185746961907,0
-0.8080030581693255,-0.07623911588273082,-0.015481170791586228,-0.14734595628600564,-0.02630380828889344,1
0.2793143686692553,0.722493761965952,-0.4543152275692519,-0.04814724510333592,0.4607154805007591,0
-0.4816801411185073,-0.35542022139151125,0.10176211359228894,0.6601993975681373,0.15972343277831075,0
0.46582375550372335,-0.5253739131400924,-0.45070381011568617,-0.4192861660554028,-0.29688820609271005,1
0.16461094154507308,0.5791315577131032,-0.3845409834712449,0.532115486600628,-0.15643427932871867,0
-0.03160739874564234,0.03733401875219286,0.6058046983626476,-0.29752148175951687,0.4680570640122599,0
0.5086325726004364,-0.7011804864058518,-0.1936989769438455,0.4087061802412378,-0.22285466453548716,1
-0.11008097605567069,-0.00842191876861775,-0.0198642485124942,0.6031615596739589,-0.18917305490774575,1
-0.7973150254383131,-0.04230916500452897,-0.03407495781040192,-0.19444399757998954,0.014710588138061425,0
-0.7870435924004605,-0.19092752875765093,0.054215989585538166,0.05714851368184117,-0.17694705143293982,0
0.6541581429471945,-0.26807881901526426,-0.4056654583522262,-0.034647654954710796,0.4458651171631537,1
-0.22196648159816648,-0.22060939743156466,0.03458931821268699,0.8079074620060853,-0.12928780009979662,1
-0.8119364055400727,-0.12217087271647077,0.011013892167468701,-0.0703383969918305,-0.08561644078244277,0
-0.5956421847059813,0.04635163734487018,-0.11872627163730515,0.2644248900602574,-0.3584289045145969,0
-0.7896011037771474,-0.029404976243445194,-0.04084990792095247,-0.2208542377410691,0.0332093114991038,0
0.7954204925254389,0.19913552721671798,-0.5968032160990103,-0.06952862825372126,-0.22232667313067372,1
-0.810453177278355,-0.08499475413005132,-0.010227088920019424,-0.10110923919460671,-0.04784580400027918,0
-0.703762124735478,0.07008018929493913,-0.08945268988698347,-0.36590191107800873,0.15816170002240393,0
-0.002173323224100652,0.17309292402702972,0.9159631108513601,0.026438547251182276,-0.33651946358080165,1
0.8761256178003385,0.11858652980012171,-0.5030028607062363,0.2971104044157746,0.19896818440849795,1
-0.7054093540290501,-0.2636959469432157,0.10625521214160585,0.21048038979895178,-0.27703959864578415,0
0.783316904004359,0.28693253080071035,-0.6159569897874609,-0.19883974697534312,0.08451161943720885,1
0.28666101685893103,0.6334698687705487,0.572728446947526,0.0126739371474209,-0.2961377539189833,0
0.4699231181172239,-0.35226011778626626,0.419785744458416,-0.48207569158371044,0.3256360212676219,0
0.019894072980028852,0.019152580933687262,0.6129227022996222,-0.17065055026458595,0.5723917498529864,0
-0.803467603575634,-0.05993015951604755,-0.02450629123875355,-0.1717162528524915,-0.006059202196126919,0
-0.7948580650664614,-0.17587560556447648,0.04458198969821295,0.03602860448915265,-0.15924547672748834,0
-0.5911707698383541,0.1510407487300598,-0.12403303253856639,-0.4624398735449095,0.25485218379961305,0
0.5831791805320967,0.14086470694730005,-0.5350579327284543,-0.5147416643295745,0.046165760614113954,0
0.0028379848561958443,0.26580198651609854,0.8898164169767394,-0.1222979562235031,-0.23248924563387352,0
0.5604801667704774,-0.23531794469304074,-0.3141446728511197,-0.0033325857000728208,0.5019866099691787,1
-0.7322771780412728,-0.24602190205174768,0.09280690812573036,0.17051908788149836,-0.2521708180558078,0
0.15224311428510115,0.24211779204555414,0.4529667078583557,-0.16531660844884405,0.38001564662945087,0
0.24069806288316142,-0.8101621536990753,-0.06522595781674739,0.03163671632146342,-0.4593458101342478,1
-0.03267410770661264,0.028101075069956214,0.6112811664584317,-0.2821110577690962,0.4562427234229967,0
0.7747925037739536,0.261535727672938,-0.470473655850805,0.0783629821326433,0.07069793057894481,1
0.5798046143863468,-0.34728810272813004,0.6519443695973327,-0.1307180197440795,-0.47711774878778374,1
0.7826442010257995,0.007317285068927219,-0.5062598975442809,0.22883849110724677,-0.2857298636290165,1
0.08853469177269585,0.7107997949472337,-0.45526564717114437,0.21833013231753687,-0.1981586187175497,0
-0.2462653071278716,-0.19532475455481027,0.00305824565924153,0.5085528822980407,0.5167653702337766,0
-0.8012403279245078,-0.16602348202559142,0.03792793406177193,0.005356078024527716,-0.14229221918474558,0
-0.8012775738741922,-0.16574028244049246,0.03776909048788963,0.0057928882280730695,-0.1422227584323203,0
0.261717032469014,-0.8263040877018509,-0.1621868891823066,-0.2127723400242827,-0.36897769747978176,1
0.17291115172790356,-0.1754732636107333,0.5370565640119257,0.3937311909683265,0.6159655498222134,0
-0.18171148093725017,-0.3848572257464939,0.14843756855899615,0.790816819169958,0.09708030747064335,1
0.5025690782018847,0.9016874585965867,0.27844295343382175,-0.037397663216627026,-0.11822589741099135,0
-0.032660736057096455,0.028112609433921847,0.6112808650243167,-0.2821001985712394,0.45625095509905633,0
-0.5490657100735424,0.04411956252202112,-0.11021230850855843,0.34058152275511944,-0.37682851037401915,0
0.4558112459815196,-0.34560675190652923,-0.05700554425753158,0.4579249377411956,0.5503720273277026,0
0.2741330706601192,0.6242529708095139,0.5772370066590409,0.0014135482832444552,-0.3007201365216749,0
-0.8013706806390875,-0.16481831377757178,0.03725497171358047,0.0072071611240159894,-0.14199285180400437,0
-0.5919631454922887,0.3780917565845885,-0.31550155476219827,-0.27175112199033663,0.04822476752685091,0
0.7042951398331745,0.25717519155452845,-0.6201784897886305,-0.3516009104787102,-0.07512162984273565,1
0.2870588952450753,-0.7296825332667225,-0.26266937317427597,-0.4798322591260744,-0.19980403380731349,1
0.003143779401766178,0.26854570041456316,0.888218177125653,-0.12690558439299307,-0.22892927464727017,0
0.47459544592712927,-0.8134835211340284,-0.2579874678638429,-0.05442430283122309,0.16764165961402291,0
-0.6506749920545801,0.3185369139827391,-0.29112894099250125,-0.1513989730295205,-0.058573349089110265,0
0.6562182830523124,-0.5903488532178932,-0.452443203549314,-0.015109086516957453,0.12138013112386699,1
0.3607026874859638,0.35218843558223284,-0.260880202591375,0.8171655363856901,0.09161019611187524,1
0.07903846178678767,-0.03608909076961603,0.8433595664103877,0.4083973102556081,-0.32904397640316857,1
-0.809790120007242,-0.13809217147826322,0.02055401898597625,-0.046094994629545506,-0.10522912114022427,1
-0.8079755577046005,-0.07649442961753428,-0.015337089984329139,-0.1476147881137769,-0.026406933080400076,0
0.05475932159093621,0.7324419874980533,-0.46867137420163135,0.0056133322008073165,-0.07885876207847317,0
0.26226728701455004,-0.826253728133202,-0.16242877112672308,-0.21241546459840718,-0.3689698572299981,0
-0.5919631454922887,0.3780917565845885,-0.31550155476219827,-0.27175112199033663,0.04822476752685091,0
0.8189934065802282,0.14079253000621683,-0.6076196751084498,-0.00022249234758230156,-0.12237035469610578,1
-0.8064384251865384,-0.15099740628993452,0.02856421268775893,-0.018384949184359185,-0.12364823009391539,0
-0.7175529490441611,0.07603648531071026,-0.0935596062822395,-0.3029055231198288,0.14171381242681125,0
-0.642558296275708,0.3247607132856525,-0.2929993700900181,-0.18216494160109545,-0.03817206613414737,0
0.4564275428404651,-0.6460807413471759,-0.028378674021005076,0.5878184819335737,0.2918495814493089,0
-0.8097156797382062,-0.08376920057968791,-0.011251107103270213,-0.1343958262879593,-0.03618047014920386,0
0.04185735507070429,0.6625180242972313,-0.43141805039913667,0.15825727986720162,-0.20009712031539897,0
0.2730610798480024,-0.8052962934329467,-0.20358686370121665,-0.317570090909349,-0.3126419406116286,0
0.30235034410477024,0.428755233994371,0.7587582087834013,0.24624942840152408,0.03947153542475616,0
-0.6729318130885862,0.09401895924630783,-0.10000451663439644,-0.39896365969809866,0.18809473129937115,0
-0.0640333086549041,-0.3272937644269289,0.10418608489605441,0.8255631355488655,0.40846711079302034,0
0.8425003031229016,0.2571265630338914,-0.5985131779840155,-0.045774451682026006,0.22422205689701744,1
-0.8100908089828742,-0.13551904505685528,0.01910915623864109,-0.04259282296758495,-0.10444608209074523,1
-0.2788434977388868,0.5033816485905467,-0.38395730611137774,-0.1448172552198162,-0.04707415989398958,0
0.5891666227890876,-0.3574102915617406,-0.34150258312914544,-0.0035942151338030927,-0.0964258497749532,1
-0.061216140695270975,-0.3179328481266056,0.1271727799660712,0.8017729737875945,0.28521303529467396,0
-0.03351461547042201,0.027374724242626023,0.6112956895225743,-0.28279247514393047,0.45572111949667793,0
-0.6870244182490479,7.63837615612473e-05,-0.04353258217739461,-0.003344435122181845,-0.0101435472980253,0
0.27040178319045916,0.09915968017052404,0.6747110156285643,0.5659580430385163,-0.20783995532104468,1
-0.032660736057096455,0.028112609433921847,0.6112808650243167,-0.2821001985712394,0.45625095509905633,1
0.8114620224360887,0.42710067015319136,-0.24223003013338776,-0.42188041006072846,0.09607619560625867,1
0.6365856625066337,-0.3580308457982993,0.6556968392910519,-0.04674231308036324,-0.34854091631532275,1
-0.21719540677463658,-0.2150870495249869,0.031374544903369356,0.816864225697087,-0.12589696133990447,1
0.0028437190951717726,0.2658080111241776,0.889818093473022,-0.12229288518564432,-0.2324882479313549,0
-0.7870424688094851,-0.1909836884945201,0.054246694000914406,0.05705338482512966,-0.17695836937852358,0
-0.7321305121893781,-0.24537643879507892,0.09247433987817379,0.17183493632006971,-0.2521051708205872,0
1.0621369832687475,0.3676868079281714,0.1458161933672982,0.04911671898446949,-0.06322421622420757,1
-0.7677863394889111,-0.21374993683500682,0.06985554669918104,0.10663206062794399,-0.2090739571717543,0
-0.8115684226574126,-0.09609594689133462,-0.004229794881102069,-0.11384300141743647,-0.052097566386825944,0
-0.6794484147355784,0.03525027815674617,-0.0633185040976299,-0.06223145186815403,0.03545583727975668,1
0.4553575494973854,0.8032859760554334,0.3885109542858939,0.10851126231079734,-0.31071914140438955,1
-0.7567819118565522,-0.22568726642986958,0.0780788055913984,0.12769520267728018,-0.2242845593176258,0
-0.5703848035661261,0.014927354743252904,-0.09518482766992933,0.3005415997969495,-0.38015967178892957,0
0.8311978584057097,0.11998401591010836,0.35154720940364725,-0.24758162454884095,-0.3894287880199222,1
0.0075308784498253544,0.3064487194114472,0.8586546265934976,-0.195334060553926,-0.1745876088529922,0
-0.7187709826292569,-0.25411964378182933,0.09915289153486782,0.19307905098653713,-0.2648795006813524,0
-0.6882842678666392,0.08374380096397292,-0.09567572427657699,-0.3821042237055748,0.17429210648239543,0
0.17347947085125595,-0.12607866842509158,0.028094513266713424,0.5945565735827173,0.6263094435324165,0
0.01023005496597343,0.31267993134334177,0.8553427280614967,-0.20097846984681564,-0.16798205039793584,0
-0.44127997036179434,0.16647056873683436,-0.24658261172922474,0.3771677383896886,0.1182625168996019,0
1.0161844625386771,0.35360972952371883,0.18164350466035284,0.03205404584596791,-0.2591084088299602,1
0.004017979554898429,-0.3232902563735205,0.11610266902342165,0.8384639867325551,0.38996376763491425,0
-0.2715859190681215,0.2903438183219108,-0.16919545636046643,-0.5899421088475829,0.4144667729864248,0
0.6736893147473557,-0.4212485781249371,0.6463024159349489,0.1726586432183742,-0.2565959047945289,0
0.7844703205089032,-0.03706975704245151,-0.49075873348699606,0.26467448787544484,-0.279452005901558,1
0.5354862032453821,-0.3413748692655553,-0.5025379353026511,-0.473371439632155,0.10935312616805574,0
0.35977657623215153,-0.863171848699167,-0.15927952861200306,-0.00087966420189796,-0.17392590460698512,1
0.7176248452111059,0.0336627791373461,-0.4578986867348449,0.015039553865339693,0.22776195279248443,1
0.11352987190350666,0.8057331935419872,-0.49742109838915877,-0.13398860167525461,0.07898936668120456,1
0.6727764230184144,-0.2926804380515147,0.4774450894733969,0.14607712870269007,0.034005500009567674,1
0.0028437190951717726,0.2658080111241776,0.889818093473022,-0.12229288518564432,-0.2324882479313549,0
-0.4567010999355335,-0.0066334837073763345,-0.06549952896326386,0.022236961403187896,0.5013572740021992,0
-0.5593629959729778,0.04172324496526573,-0.14794935940745987,0.41201461207021395,-0.08620403697698417,0
0.7082106314022881,0.2512180184359461,-0.6213340999175531,-0.3413954183203609,-0.08646952204239693,1
0.4558112459815196,-0.34560675190652923,-0.05700554425753158,0.4579249377411956,0.5503720273277026,0
-0.6571950450612865,0.15042254879586542,-0.19237021941736468,0.12693571527115222,-0.26954412739277617,0
0.4578889806033878,-0.34886998802782404,-0.4930030092806699,-0.6158501266738808,-0.0961199798895741,1
0.7930570030784209,-0.11474112688695011,0.5244977380423079,-0.17965191010646356,-0.2956858757307893,1
0.12542128264664257,0.7512023482371201,-0.4732676973762578,0.21353345815304414,-0.15886197911348512,0
-0.8117136668137649,-0.09367803929186228,-0.00557879344335144,-0.11107012814273408,-0.05118880532984859,0
-0.3737931856968844,-0.4106477571003988,0.16410810184193955,0.7181223845750119,-0.032255161740437494,1
-0.8064396340542356,-0.15098511201181375,0.028557346859252153,-0.01836720070419748,-0.12364480533744535,0
0.8477498680130416,0.1973366928206802,-0.6179399265281921,-0.033838910653168304,0.17212966565140722,1
0.053184356524413605,0.7034202175745995,-0.4541964647672661,0.11147791618977433,-0.1561470453651188,0
-0.6066662106161813,0.14325954277614697,-0.12118535411674217,-0.45002415904721615,0.24433846641989931,0
0.8118900620682192,-0.09613332364210261,0.5180105347534433,-0.18227848295449717,-0.28196037631118337,1
0.5871631290932408,-0.3368460883511069,0.6513891380448089,-0.15878327862108968,-0.46407563954709746,1
-0.7563482746196927,-0.22325783462985227,0.07680914615410747,0.1322535711782349,-0.22391587630027984,0
-0.7448653371268146,-0.23609508920867864,0.08554863770767815,0.14965240912032446,-0.23859819307528235,0
-0.8115399266760782,-0.09635034731242219,-0.004086404434197098,-0.11413472855562652,-0.05219259287051104,0
0.9681245033017823,0.4612625390211866,0.07516171804804489,-0.20633578212599463,-0.01187436113457302,1
0.583943198888792,-0.6132265419382017,-0.41004056710693926,-0.05529228924277906,-0.14830511013361114,1
-0.7972444084352416,-0.04518431767555082,-0.032474458461835595,-0.19712445955784988,0.01342681469746402,0
0.27641538372355146,-0.8104004974792636,-0.19794069842825734,-0.2931861573332107,-0.3246091135169827,0
-0.6756532765282529,0.21503935756433581,-0.23396243064498215,0.010170279383669056,-0.19205070927211237,0
-0.8012403279245078,-0.16602348202559142,0.0379279340617719,0.005356078024527712,-0.14229221918474558,0
0.5454046801981622,-0.26902222575520124,0.24277110202651628,0.05449920942603168,0.6034920073720553,0
-0.6726613520310633,0.2041831257544067,-0.22725438168101456,0.04469694142445932,-0.21205558590167764,0
0.7186092229210899,0.022990208607073064,-0.519324225026951,0.056388828017821,-0.4093793630496813,1
0.4943541156048072,-0.7017715811796971,-0.19777135883993502,0.14080415573342067,0.29716359022121913,0
0.4519151592453633,0.7736406023994302,0.4033591325671465,0.1553040687935358,-0.34554871314320873,1
-0.030718475685038122,0.04440926956664146,0.6013602669777298,-0.3092296851872184,0.47694200665015074,0
